ID,Kat,Funkcja,cPanel,Plesk,DirectAdmin,Rynek PL,Nowa fala,Verris — stan,Dowód (plik:linia),Werdykt,Krytyczność,Nakład,Uwagi
A-01,A,Dodanie domeny do konta,TAK,TAK,TAK,TAK,TAK,DZIAŁA,services.controller.ts:539,PARYTET,—,—,
A-02,A,Usunięcie domeny z konta,TAK,TAK,TAK,TAK,TAK,DZIAŁA,services.controller.ts:548,PARYTET,—,—,
A-03,A,Subdomeny — tworzenie,TAK,TAK,TAK,TAK,TAK,DZIAŁA,services.controller.ts:671,PARYTET,—,—,
A-04,A,Subdomeny — usuwanie,TAK,TAK,TAK,TAK,TAK,DZIAŁA,services.controller.ts:680,PARYTET,—,—,
A-05,A,Alias / parkowanie domeny (domain pointer),TAK,TAK,TAK,TAK,TAK,DZIAŁA,services.controller.ts:562,PARYTET,—,—,
A-06,A,Zmiana document root domeny,TAK,TAK,TAK,CZĘŚĆ,TAK,BRAK,—,LUKA,NISKA,S,DA to potrafi; brak UI
A-07,A,Przekierowanie domeny (web forwarding),TAK,TAK,TAK,TAK,TAK,DZIAŁA,WebToolsTab.tsx:143,PARYTET,—,—,przez .htaccess
A-08,A,Rejestracja domeny z panelu,NIE,NIE,NIE,TAK,TAK,FLAGA,domains.controller.ts:118,LUKA,ŚREDNIA,M,"Skorygowane: sekcja jest wpięta w panel (domains/actions.ts:165,181,198), backend kompletny. To brak wpisu w ENV, nie brak funkcji — hosting da się sprzedać na domenie klienta."
A-09,A,Transfer domeny (kod authinfo),NIE,NIE,NIE,TAK,TAK,FLAGA,domains.controller.ts:123,LUKA,WYSOKA,M,j.w.
A-10,A,Odnowienie domeny przez klienta,NIE,NIE,NIE,TAK,TAK,ENDPOINT BEZ UI,domains.controller.ts:133,LUKA,ŚREDNIA,S,"Skorygowane: brak wywołania potwierdzony, ale obejście istnieje (panel rejestratora). Nie spełnia żadnego z czterech warunków blokera."
A-11,A,Wyszukiwarka wolnych domen,NIE,NIE,NIE,TAK,TAK,FLAGA,domains.controller.ts:54,LUKA,WYSOKA,S,"DECYZJA WŁAŚCICIELA 2026-09-23: konfiguracja OpenProvider (REGISTRAR_PROVIDER + dane API w .env.prod, wpisuje właściciel) razem z zakupem węzła w sprincie 18; do tego czasu wyszukiwarka za flagą."
A-12,A,Cennik rejestracji na 1–10 lat,NIE,NIE,NIE,TAK,TAK,FLAGA,domains.controller.ts:59,LUKA,ŚREDNIA,S,
A-13,A,Zmiana danych abonenta domeny,NIE,NIE,NIE,TAK,TAK,BRAK,—,LUKA,WYSOKA,M,wymóg operatorski przy własnej rejestracji
A-14,A,Ukrycie danych WHOIS / domain privacy,NIE,NIE,NIE,b.d.,TAK,BRAK,—,LUKA,NISKA,S,
A-15,A,Blokada transferu domeny (transfer lock),NIE,NIE,NIE,b.d.,TAK,BRAK,—,LUKA,ŚREDNIA,S,
A-16,A,Weryfikacja własności domeny,NIE,NIE,NIE,b.d.,b.d.,DZIAŁA,"domains.service.ts verifyDomain — ACTIVE tylko po rekordzie TXT _verris-challenge.<domena> = verris-verify=<HMAC(id,właściciel)>; create zwalnia cudzą niezweryfikowaną rezerwację po 7 dniach; klient: domains/[id] — instrukcja TXT z kopiowaniem; testy D2 domains.service.spec.ts",PARYTET,WYSOKA,M,"OBALONE w passie adwersaryjnym: to checklist konfiguracji, nie dowód własności. Brak wyzwania TXT i tokenu — dowolny użytkownik może dodać cudzą domenę i doprowadzić ją do statusu ACTIVE. | 2026-09-23: domena przechodzi w ACTIVE dopiero po opublikowaniu rekordu TXT (wartość różna dla każdego właściciela, liczona HMAC — bez migracji). Checklist A/NS/TLS zostaje jako asystent konfiguracji, nie dowód. Anty-squatting: niezweryfikowana cudza rezerwacja po 7 dniach nie blokuje nazwy. Domeny kupione przez rejestratora są ACTIVE z zakupu. D3 na pierwszej domenie klienta."
A-17,A,Rejestracja konta klienta (self-service),NIE,NIE,NIE,TAK,TAK,DZIAŁA,auth.controller.ts:67,PARYTET,—,—,captcha + weryfikacja e-mail
A-18,A,Logowanie hasłem,TAK,TAK,TAK,TAK,TAK,DZIAŁA,auth.controller.ts:77,PARYTET,—,—,
A-19,A,Zamówienie usługi z panelu,NIE,NIE,NIE,TAK,TAK,DZIAŁA,subscriptions.controller.ts:97,PARYTET,—,—,
A-20,A,Okres próbny / trial,NIE,NIE,NIE,CZĘŚĆ,TAK,DZIAŁA,subscriptions.controller.ts:53,PARYTET,—,—,3 z 5 hostingów PL ma trial lub money-back
A-21,A,Anulowanie usługi przez klienta,NIE,NIE,NIE,TAK,TAK,DZIAŁA,subscriptions.controller.ts:103,PARYTET,—,—,
A-22,A,Zmiana planu (upgrade/downgrade) z proratą,NIE,NIE,NIE,CZĘŚĆ,TAK,DZIAŁA,"subscriptions.controller.ts:146,161",PRZEWAGA,—,—,prorata cross-interval MONTH↔YEAR; test D1
A-23,A,Dane dostępowe usługi (IP/FTP/NS/limity),TAK,TAK,TAK,TAK,TAK,DZIAŁA,services.controller.ts:355,PARYTET,—,—,
A-24,A,Zakładanie konta klienta przez operatora,TAK,TAK,TAK,TAK,TAK,DZIAŁA,"POST /admin/users (users.admin.controller.ts createCustomer, CUSTOMERS_MANAGE) → UsersAdminService.createCustomerByOperator; admin: Klienci → „Nowy klient” (create-customer-button.tsx); testy D2 users.admin.create-customer.spec.ts + users.admin.controller.spec.ts",PARYTET,WYSOKA,M,"Skorygowane: konta powstają też przez rejestrację (auth.service.ts:132) — operator może zarejestrować za klienta i wejść przez impersonację (users.admin.controller.ts:248). Pierwsze konto da się sprzedać. | 2026-09-23: operator zakłada konto bez znajomości hasła — klient dostaje link „ustaw hasło” (72 h, token PASSWORD_RESET), ustawienie hasła potwierdza e-mail. Zgód nie składamy w imieniu klienta: regulamin akceptuje sam przy pierwszym logowaniu. Audyt ADMIN_CUSTOMER_CREATED_BY_OPERATOR. D3 przy pierwszym koncie z telefonu."
A-25,A,Ręczne zawieszenie usługi przez operatora,TAK,TAK,TAK,TAK,TAK,CZĘŚCIOWE,"2026-09-23 D1: admin-panel subscriptions/[id]/suspend-form.tsx + suspend-actions.ts → POST /admin/subscriptions/:id/suspend (powód, notatka, potwierdzenie)",CZĘŚCIOWY,WYSOKA,S,"Skorygowane: endpoint działa i jest osiągalny (curl + DirectAdmin), auto-suspend za brak płatności działa. Brakuje UI, nie możliwości zatrzymania szkody. | UI zrobione. OTWARTE do D3 (PB-21, serwer testowy): zawieszenie konta w DirectAdminie na żywym węźle."
A-26,A,Ręczne odwieszenie usługi przez operatora,TAK,TAK,TAK,TAK,TAK,CZĘŚCIOWE,2026-09-23 D1: ten sam formularz — odwieszenie z opcją obciążenia za odnowienie (chargeRenewal),CZĘŚCIOWY,WYSOKA,S,"Skorygowane: jak A-25, endpoint subscriptions.admin.controller.ts:210 działa z chargeRenewal. | UI zrobione. OTWARTE do D3 (PB-21): odwieszenie konta w DA na żywym węźle."
A-27,A,Pakiety / plany zasobów po stronie operatora,TAK,TAK,TAK,TAK,TAK,DZIAŁA,plans.admin.controller.ts:45,PARYTET,—,—,
A-28,A,Impersonacja klienta przez operatora,TAK,TAK,TAK,b.d.,b.d.,DZIAŁA,users.admin.controller.ts:248,PARYTET,—,—,z banerem u klienta
B-01,B,Zmiana wersji PHP dla całego konta,TAK,TAK,TAK,TAK,TAK,CZĘŚCIOWE,services.controller.ts:125,CZĘŚCIOWY,WYSOKA,S,"KOREKTA: pozycja miała stan DZIAŁA na podstawie kodu i kolejki PHP_APPLY. Odkryte 2026-08-21 przy przeglądzie Dockerfile.api: loadery skryptów w API czytają plik z dysku i rzucają wyjątkiem, gdy go nie ma, a obraz produkcyjny kopiował tylko 7 z 10 potrzebnych skryptów. Endpoint /agent/tasks/php-apply/script zwracał 500, więc agent nie miał czego uruchomić — zadanie PHP_APPLY nie mogło się wykonać na produkcji ani razu. Naprawione (COPY + test apps/api/src/test/dockerfile-scripts.spec.ts), ale do czasu potwierdzenia na produkcji stan to CZĘŚCIOWE: kod i testy były zielone przez cały czas, więc D1 i D2 nic tu nie dowodzą — potrzebny D3. | 2026-08-21 21:57: przyczyna wdrożeniowa USUNIĘTA — node-php-apply.sh jest już w obrazie (potwierdzone na serwerze, X-12 D3). Pozycja zostaje CZĘŚCIOWE, bo jej własny dowód wymaga wykonania zadania PHP_APPLY na żywym węźle, a węzła jeszcze nie ma. Do przejścia z części B checklisty D3. | WYCENA 2026-09-19: krytycznosc i naklad uzupelnione przy wznowieniu. Pozycje przepisane 2026-08-28 w ramach X-49 zostaly bez wyceny, przez co nie liczyly sie do budzetu godzin i nie stały w zadnym sprincie. Podstawa wyceny: Zmiana wersji PHP dla calego konta — per domena juz dziala (B-02, S), to ten sam mechanizm o poziom wyzej. | 2026-09-22: przeniesione do sprintu 18 — kod i obraz sa gotowe, zostal wylacznie dowod D3 (PHP_APPLY na zywym wezle)."
B-02,B,Zmiana wersji PHP per domena,TAK,TAK,TAK,TAK,TAK,DZIAŁA,services.controller.ts — GET/POST /services/:id/hosting-domain-php; directadmin.service.ts:2058,PARYTET,—,S,"Decyzja produktowa: ustawienie per domena wygrywa nad ustawieniem konta, a UI musi to pokazywać — php-client.tsx wypisuje domeny z własną wersją PHP przy karcie konta. Zamknięte 2026-08-21 (commit 6f2833d). Strażnik: apps/api/src/test/ui-routes-coverage.spec.ts porównuje wszystkie wywołania apiFetch z panelu ze wszystkimi trasami API — nawrót tej klasy błędu zapala test."
B-03,B,Zmiana wersji PHP per katalog,TAK,TAK,TAK,CZĘŚĆ,NIE,BRAK,—,LUKA,NISKA,M,
B-04,B,Włączanie/wyłączanie rozszerzeń PHP,TAK,TAK,TAK,CZĘŚĆ,TAK,BRAK,—,LUKA,ŚREDNIA,M,
B-05,B,Edycja dyrektyw php.ini z panelu,TAK,TAK,TAK,TAK,TAK,BRAK,—,LUKA,WYSOKA,M,4 z 5 hostingów PL to ma
B-06,B,Podgląd aktualnej konfiguracji PHP (phpinfo),TAK,TAK,TAK,CZĘŚĆ,TAK,BRAK,—,LUKA,NISKA,S,
B-07,B,Wybór handlera PHP (LSAPI/FPM/CGI),TAK,TAK,TAK,NIE,NIE,BRAK,—,POZA ZAKRESEM,NISKA,—,"decyzja operatorska, nie klienta"
B-08,B,Aplikacje Node.js,TAK,TAK,CZĘŚĆ,NIE,TAK,BRAK,—,LUKA,NISKA,L,żaden z 5 hostingów PL tego nie ma
B-09,B,Aplikacje Python,TAK,TAK,CZĘŚĆ,CZĘŚĆ,CZĘŚĆ,BRAK,—,LUKA,NISKA,L,
B-10,B,Aplikacje Ruby,TAK,TAK,NIE,NIE,NIE,BRAK,—,POZA ZAKRESEM,NISKA,—,rynek PL tego nie oczekuje
B-11,B,Wymuszenie HTTPS,TAK,TAK,TAK,TAK,TAK,DZIAŁA,WebToolsTab.tsx:120,PARYTET,—,—,
B-12,B,Kanonizacja www / non-www,TAK,TAK,TAK,TAK,TAK,DZIAŁA,WebToolsTab.tsx:124,PARYTET,—,—,
B-13,B,Przekierowania 301/302 z panelu,TAK,TAK,TAK,TAK,TAK,DZIAŁA,WebToolsTab.tsx:143,PARYTET,—,—,
B-14,B,Ochrona przed hotlinkingiem,TAK,TAK,CZĘŚĆ,CZĘŚĆ,NIE,DZIAŁA,WebToolsTab.tsx:185,PRZEWAGA,—,—,
B-15,B,Blokowanie adresów IP,TAK,TAK,TAK,CZĘŚĆ,TAK,DZIAŁA,WebToolsTab.tsx:198,PARYTET,—,—,
B-16,B,Ochrona katalogu hasłem (.htpasswd),TAK,TAK,TAK,CZĘŚĆ,TAK,DZIAŁA,WebToolsTab.tsx:91,PARYTET,—,—,
B-17,B,Własne strony błędów,TAK,TAK,TAK,CZĘŚĆ,TAK,BRAK,—,LUKA,NISKA,S,
B-18,B,Menedżer indeksowania katalogu,TAK,TAK,TAK,b.d.,NIE,BRAK,—,LUKA,NISKA,S,
B-19,B,Kreator stron WWW,TAK,TAK,CZĘŚĆ,CZĘŚĆ,TAK,ATRAPA,"SiteBuilderTab.tsx (1612 l.) wyłączony w page.tsx:65,296",LUKA,NISKA,M,kod napisany i zakomentowany — decyzja: dokończyć albo usunąć
C-01,C,Menedżer plików — lista katalogu,TAK,TAK,TAK,TAK,TAK,DZIAŁA,files.controller.ts:27,PARYTET,—,—,
C-02,C,Podgląd i edycja pliku tekstowego,TAK,TAK,TAK,TAK,TAK,DZIAŁA,"files.controller.ts:36,61",PARYTET,—,—,
C-03,C,Tworzenie katalogu,TAK,TAK,TAK,TAK,TAK,DZIAŁA,files.controller.ts:71,PARYTET,—,—,
C-04,C,Tworzenie pliku,TAK,TAK,TAK,TAK,TAK,DZIAŁA,files.controller.ts:61,PARYTET,—,—,
C-05,C,Zmiana nazwy pliku/katalogu,TAK,TAK,TAK,TAK,TAK,DZIAŁA,files.controller.ts:81,PARYTET,—,—,
C-06,C,Usuwanie plików (także zaznaczonych),TAK,TAK,TAK,TAK,TAK,DZIAŁA,files.controller.ts:91,PARYTET,—,—,
C-07,C,Kopiowanie plików,TAK,TAK,TAK,TAK,TAK,DZIAŁA,files.controller.ts:101,PARYTET,—,—,
C-08,C,Przenoszenie plików,TAK,TAK,TAK,TAK,TAK,DZIAŁA,files.controller.ts:111,PARYTET,—,—,
C-09,C,Zmiana uprawnień (chmod),TAK,TAK,TAK,TAK,TAK,DZIAŁA,files.controller.ts:131,PARYTET,—,—,
C-10,C,Rozpakowanie archiwum,TAK,TAK,TAK,TAK,TAK,DZIAŁA,files.controller.ts:121,PARYTET,—,—,
C-11,C,Spakowanie do archiwum,TAK,TAK,TAK,TAK,TAK,CZĘŚCIOWE,2026-09-23 D1: POST /services/:id/files/compress → files.service compress (nazwa archiwum walidowana) → SDK compressEntries (schowek DA + action=compress) + audyt HOSTING_FILE_COMPRESSED; UI menedżera plików „Spakuj…” dla zaznaczonych,CZĘŚCIOWY,ŚREDNIA,S,standard we wszystkich panelach | OTWARTE do D3 (PB-21): format action=compress na żywym DA.
C-12,C,Upload pliku,TAK,TAK,TAK,TAK,TAK,DZIAŁA,files.controller.ts:141,PARYTET,—,—,
C-13,C,Pobranie pliku,TAK,TAK,TAK,TAK,TAK,DZIAŁA,files.controller.ts:45,PARYTET,—,—,
C-14,C,Wyszukiwanie plików,TAK,TAK,CZĘŚĆ,CZĘŚĆ,TAK,BRAK,—,LUKA,NISKA,S,
C-15,C,Podgląd zajętości katalogów (disk usage),TAK,TAK,TAK,CZĘŚĆ,TAK,BRAK,—,LUKA,ŚREDNIA,S,częste źródło ticketów „skończyło się miejsce”
C-16,C,Konto FTP — utworzenie,TAK,TAK,TAK,TAK,TAK,DZIAŁA,services.controller.ts:406,PARYTET,—,—,
C-17,C,Konto FTP — usunięcie,TAK,TAK,TAK,TAK,TAK,DZIAŁA,services.controller.ts:415,PARYTET,—,—,
C-18,C,Konto FTP — zmiana hasła,TAK,TAK,TAK,TAK,TAK,CZĘŚCIOWE,"2026-09-23 D1: POST /services/:id/hosting-ftp/:username/password (ZmienHasloFtpDto) → directadmin.service changeHostingFtpPassword (action=modify, katalog zachowany) + audyt HOSTING_FTP_PASSWORD_CHANGED; UI FtpTab — kluczyk przy koncie; test servers/zmiana-hasla-ftp.spec.ts",CZĘŚCIOWY,WYSOKA,S,"brak jakiejkolwiek ścieżki edycji istniejącego konta | Przy okazji body tworzenia konta FTP dostało klasę DTO (login, hasło, katalog bez „..”). OTWARTE do D3 (PB-21): format action=modify na żywym DA."
C-19,C,Konto FTP — limit powierzchni (quota),TAK,TAK,TAK,CZĘŚĆ,NIE,BRAK,—,LUKA,NISKA,S,
C-20,C,FTP anonimowy,TAK,TAK,TAK,NIE,NIE,BRAK,—,POZA ZAKRESEM,NISKA,—,"funkcja schyłkowa, ryzyko nadużyć"
C-21,C,Dostęp SSH,TAK,TAK,TAK,TAK,TAK,CZĘŚCIOWE,ServiceConnectionCard.tsx:235 — tylko odczyt flagi,CZĘŚCIOWY,WYSOKA,M,"klient widzi status, nie może włączyć"
C-22,C,Zarządzanie kluczami SSH konta hostingowego,TAK,TAK,TAK,CZĘŚĆ,TAK,BRAK,—,LUKA,WYSOKA,M,"klucze są tylko dla VPS, nie dla hostingu"
C-23,C,Terminal SSH w przeglądarce,TAK,NIE,NIE,NIE,CZĘŚĆ,BRAK,—,POZA ZAKRESEM,NISKA,L,żaden hosting PL tego nie daje
C-24,C,WebDAV / Web Disk,TAK,TAK,NIE,NIE,NIE,BRAK,—,POZA ZAKRESEM,NISKA,—,"Protokół schyłkowy — żaden z pięciu badanych hostingów PL go nie wystawia, a menedżer plików i SFTP pokrywają ten sam scenariusz."
C-25,C,Klonowanie repozytorium Git z panelu,TAK,TAK,CZĘŚĆ,NIE,TAK,BRAK,DeployTab.tsx:192 przyznaje brak,LUKA,ŚREDNIA,M,„Deploy” to wyłącznie cron z git pull
C-26,C,Deploy z repozytorium (pull na żądanie),TAK,TAK,CZĘŚĆ,NIE,TAK,CZĘŚCIOWE,services.controller.ts:717; directadmin.service.ts:2450,CZĘŚCIOWY,ŚREDNIA,M,"tylko harmonogram cron; brak „uruchom teraz”, kluczy deploy, webhooka, logów"
C-27,C,Webhook deploy z GitHuba,CZĘŚĆ,TAK,NIE,NIE,TAK,BRAK,—,LUKA,NISKA,M,
C-28,C,Composer / narzędzia CLI przez SSH,TAK,TAK,TAK,TAK,TAK,CZĘŚCIOWE,zależne od C-21,CZĘŚCIOWY,ŚREDNIA,M,"dziedziczy ograniczenie SSH | WYCENA 2026-09-19: krytycznosc i naklad uzupelnione przy wznowieniu. Pozycje przepisane 2026-08-28 w ramach X-49 zostaly bez wyceny, przez co nie liczyly sie do budzetu godzin i nie stały w zadnym sprincie. Podstawa wyceny: Composer i narzedzia CLI przez SSH — wymaga uzgodnienia z limitami LVE i obrazem kontenera klienta."
D-01,D,Lista baz MySQL/MariaDB,TAK,TAK,TAK,TAK,TAK,DZIAŁA,services.controller.ts:323,PARYTET,—,—,+ realny silnik i wersja z węzła
D-02,D,Utworzenie bazy z użytkownikiem,TAK,TAK,TAK,TAK,TAK,DZIAŁA,services.controller.ts:328,PARYTET,—,—,
D-03,D,Usunięcie bazy,TAK,TAK,TAK,TAK,TAK,DZIAŁA,services.controller.ts:341,PARYTET,—,—,
D-04,D,Dodatkowy użytkownik bazy — utworzenie,TAK,TAK,TAK,TAK,TAK,DZIAŁA,services.controller.ts — POST /services/:id/hosting-db-users; serwis directadmin.service.ts:1900,PARYTET,—,S,"Nie było to martwe UI, tylko niedokończona praca z 25–26.07 — brakowało samego kontrolera. Zamknięte 2026-08-21 (commit 6f2833d). Strażnik: apps/api/src/test/ui-routes-coverage.spec.ts porównuje wszystkie wywołania apiFetch z panelu ze wszystkimi trasami API — nawrót tej klasy błędu zapala test."
D-05,D,Użytkownik bazy — usunięcie,TAK,TAK,TAK,TAK,TAK,DZIAŁA,services.controller.ts — POST /services/:id/hosting-db-users/remove; serwis directadmin.service.ts:1925,PARYTET,—,S,Zamknięte 2026-08-21 (commit 6f2833d). Strażnik: apps/api/src/test/ui-routes-coverage.spec.ts porównuje wszystkie wywołania apiFetch z panelu ze wszystkimi trasami API — nawrót tej klasy błędu zapala test.
D-06,D,Użytkownik bazy — zmiana hasła,TAK,TAK,TAK,TAK,TAK,DZIAŁA,services.controller.ts — POST /services/:id/hosting-db-users/password; serwis directadmin.service.ts:1945,PARYTET,—,S,Zamknięte 2026-08-21 (commit 6f2833d). Strażnik: apps/api/src/test/ui-routes-coverage.spec.ts porównuje wszystkie wywołania apiFetch z panelu ze wszystkimi trasami API — nawrót tej klasy błędu zapala test.
D-07,D,Użytkownik bazy — lista,TAK,TAK,TAK,TAK,TAK,DZIAŁA,services.controller.ts — GET /services/:id/hosting-db-users,PARYTET,—,S,Zamknięte 2026-08-21 (commit 6f2833d). Strażnik: apps/api/src/test/ui-routes-coverage.spec.ts porównuje wszystkie wywołania apiFetch z panelu ze wszystkimi trasami API — nawrót tej klasy błędu zapala test.
D-08,D,Nadawanie uprawnień użytkownikowi bazy,TAK,TAK,TAK,CZĘŚĆ,TAK,BRAK,—,LUKA,ŚREDNIA,S,
D-09,D,Zdalny dostęp do bazy (whitelist hostów),TAK,TAK,TAK,CZĘŚĆ,TAK,DZIAŁA,"services.controller.ts:617,626",PARYTET,—,—,
D-10,D,phpMyAdmin — dostęp,TAK,TAK,TAK,TAK,TAK,CZĘŚCIOWE,link do DA zamiast SSO,CZĘŚCIOWY,ŚREDNIA,S,"dostępny, ale przez wyjście do DirectAdmina"
D-11,D,phpMyAdmin — auto-logowanie (SSO),TAK,TAK,TAK,TAK,TAK,DZIAŁA,services.controller.ts — POST /services/:id/hosting-sso-url; directadmin.service.ts:1977,PARYTET,—,S,"Cichy fallback „Auto-logowanie niedostępne"" (DatabasesTab.tsx:65) sprawiał, że nikt tego nie zgłaszał — dlatego strażnik tras jest ważniejszy niż pojedynczy test. Zamknięte 2026-08-21 (commit 6f2833d). Strażnik: apps/api/src/test/ui-routes-coverage.spec.ts porównuje wszystkie wywołania apiFetch z panelu ze wszystkimi trasami API — nawrót tej klasy błędu zapala test."
D-12,D,Import / eksport bazy z panelu,TAK,TAK,TAK,TAK,TAK,BRAK,—,LUKA,WYSOKA,M,standard u wszystkich 5 hostingów PL
D-13,D,Kopia bazy na żądanie,TAK,TAK,TAK,TAK,TAK,CZĘŚCIOWE,w ramach backupu konta,CZĘŚCIOWY,ŚREDNIA,S,brak osobnej akcji „zrzuć bazę”
D-14,D,PostgreSQL,TAK,TAK,CZĘŚĆ,CZĘŚĆ,CZĘŚĆ,BRAK,—,LUKA,NISKA,L,2 z 5 hostingów PL
D-15,D,Redis / cache obiektowy dla klienta,CZĘŚĆ,TAK,CZĘŚĆ,TAK,TAK,BRAK,—,LUKA,WYSOKA,M,3 z 5 hostingów PL ma w cenie — realny wyróżnik dla WordPressa
D-16,D,Memcached,TAK,TAK,CZĘŚĆ,CZĘŚĆ,CZĘŚĆ,BRAK,—,LUKA,NISKA,M,
D-17,D,Podgląd rozmiaru bazy,TAK,TAK,TAK,TAK,TAK,CZĘŚCIOWE,w statystykach konta,CZĘŚCIOWY,NISKA,S,
D-18,D,Naprawa / optymalizacja tabel,TAK,TAK,TAK,CZĘŚĆ,NIE,BRAK,—,LUKA,NISKA,S,
E-01,E,Utworzenie skrzynki e-mail,TAK,TAK,TAK,TAK,TAK,DZIAŁA,services.controller.ts:429,PARYTET,—,—,
E-02,E,Zmiana hasła skrzynki,TAK,TAK,TAK,TAK,TAK,DZIAŁA,services.controller.ts:438,PARYTET,—,—,
E-03,E,Usunięcie skrzynki,TAK,TAK,TAK,TAK,TAK,DZIAŁA,services.controller.ts:447,PARYTET,—,—,
E-04,E,Ustawienie quoty przy tworzeniu skrzynki,TAK,TAK,TAK,TAK,TAK,DZIAŁA,MailTab.tsx:139,PARYTET,—,—,
E-05,E,Zmiana quoty ISTNIEJĄCEJ skrzynki,TAK,TAK,TAK,TAK,TAK,CZĘŚCIOWE,2026-09-23 D1: POST /services/:id/hosting-email/quota (ZmienRozmiarSkrzynkiDto 10–102400 MB) → directadmin.service changeHostingEmailQuota (CMD_API_POP action=modify bez passwd) + audyt HOSTING_EMAIL_QUOTA_CHANGED; UI MailTab — klik w rozmiar skrzynki,CZĘŚCIOWY,WYSOKA,S,brak jakiejkolwiek ścieżki edycji — klient musi usunąć i odtworzyć skrzynkę | KOD: zmiana rozmiaru bez usuwania skrzynki. Przy okazji body tworzenia skrzynki i zmiany hasła dostały klasy DTO (wcześniej interfejs = zero walidacji na granicy zaufania). OTWARTE do D3: czy DA przy modify bez passwd zostawia hasło (komentarz ponytail).
E-06,E,Podgląd zużycia skrzynki,TAK,TAK,TAK,TAK,TAK,BRAK,—,LUKA,ŚREDNIA,S,
E-07,E,Alias / forwarder — dodanie,TAK,TAK,TAK,TAK,TAK,DZIAŁA,services.controller.ts:461,PARYTET,—,—,
E-08,E,Alias / forwarder — usunięcie,TAK,TAK,TAK,TAK,TAK,DZIAŁA,services.controller.ts:470,PARYTET,—,—,
E-09,E,Autoresponder,TAK,TAK,TAK,TAK,TAK,DZIAŁA,"services.controller.ts:484,493",PARYTET,—,—,
E-10,E,Catch-all,TAK,TAK,TAK,TAK,TAK,DZIAŁA,services.controller.ts:585,PARYTET,—,—,fail/blackhole/adres
E-11,E,Filtr antyspamowy (próg + tag),TAK,TAK,TAK,TAK,TAK,DZIAŁA,services.controller.ts:599,PARYTET,—,—,SpamAssassin przez DA
E-12,E,Reguły filtrowania poczty (Sieve),TAK,TAK,TAK,TAK,TAK,BRAK,—,LUKA,ŚREDNIA,M,wszystkie 5 hostingów PL to ma
E-13,E,Webmail — dostęp,TAK,TAK,TAK,TAK,TAK,CZĘŚCIOWE,link do DA,CZĘŚCIOWY,ŚREDNIA,S,
E-14,E,Webmail — auto-logowanie (SSO),TAK,TAK,TAK,TAK,TAK,DZIAŁA,services.controller.ts — POST /services/:id/hosting-sso-url (wspólna trasa z D-11); MailTab.tsx:68,PARYTET,—,S,Zamknięte 2026-08-21 (commit 6f2833d). Strażnik: apps/api/src/test/ui-routes-coverage.spec.ts porównuje wszystkie wywołania apiFetch z panelu ze wszystkimi trasami API — nawrót tej klasy błędu zapala test.
E-15,E,Rekordy SPF — kreator,TAK,TAK,TAK,TAK,TAK,CZĘŚCIOWE,2026-09-23 D1: deliverability/mail-auth.ts (buildMailAuthChecks) + deliverability.service.ts (strefa DA + delegacja NS); UI app/dashboard/email/deliverability-panel.tsx podpięty w MailTab (zakładka Poczta); test mail-auth.spec.ts,CZĘŚCIOWY,WYSOKA,S,"deliverability-panel.tsx:26 to komponent osierocony — nikt go nie importuje | KOD: kreator pokazuje stan z publicznego DNS i gotowy rekord — „Dodaj/Zamień rekord w DNS” gdy domena na NS Verris, inaczej do skopiowania u dostawcy DNS. Zalecany SPF to `v=spf1 a mx ip4:<IP węzła> ~all`. ZNALEZISKO: dotychczasowa podpowiedź include:_spf.verris.pl odwołuje się do nieistniejącego rekordu (NXDOMAIN) → SPF permerror; usunięta z podpowiedzi, presetu DNS i artykułów KB, a kreator wykrywa ją u klientów. OTWARTE do D3 (węzeł): zapis rekordu przez CMD_API_DNS_CONTROL."
E-16,E,Rekordy DKIM — konfiguracja,TAK,TAK,TAK,TAK,TAK,CZĘŚCIOWE,"2026-09-23 D1: mail-auth.ts dkimCheck — selektory w publicznym DNS, a gdy brak: klucz <sel>._domainkey ze strefy DA do skopiowania u zewnętrznego DNS; test mail-auth.spec.ts",CZĘŚCIOWY,WYSOKA,S,j.w. | KOD: DKIM odczytywany ze strefy DA (DA dopisuje klucz sam przy włączonym DKIM). Brak klucza = link do zgłoszenia. OTWARTE: włączanie DKIM z panelu (komenda DA niepotwierdzona bez węzła) — D3 w sprincie 18.
E-17,E,Rekord DMARC — konfiguracja,TAK,TAK,TAK,TAK,TAK,CZĘŚCIOWE,"2026-09-23 D1: mail-auth.ts dmarcCheck (brak / p=none / kilka rekordów) + lib/dmarc.ts tuneDmarc (polityka + adres raportów) w deliverability-panel.tsx; testy mail-auth.spec.ts, dmarc.spec.ts",CZĘŚCIOWY,WYSOKA,S,"j.w. | KOD: kreator DMARC — wybór polityki i opcjonalny adres raportów, zachowuje pozostałe tagi. Sugestia bez rua na verris.pl (raporty do obcej domeny wymagają rekordu autoryzacji). OTWARTE do D3: zapis do strefy DA."
E-18,E,Sprawdzenie obecności na RBL,TAK,TAK,CZĘŚĆ,CZĘŚĆ,CZĘŚĆ,ENDPOINT BEZ UI,services.controller.ts:114,LUKA,ŚREDNIA,S,"backend w pełni działa, brak wejścia z UI"
E-19,E,Podgląd kolejki i logów dostarczania,TAK,TAK,TAK,CZĘŚĆ,CZĘŚĆ,BRAK,—,LUKA,ŚREDNIA,M,„gdzie jest mój mail” to najczęstszy ticket poczty
E-20,E,Limity wysyłki pokazane klientowi,TAK,TAK,TAK,CZĘŚĆ,TAK,BRAK,—,LUKA,ŚREDNIA,S,"cyber_Folks publikuje jawnie: 1000/dobę, 300/15 min"
E-21,E,Samodzielny import skrzynek przez IMAP,CZĘŚĆ,TAK,CZĘŚĆ,CZĘŚĆ,TAK,CZĘŚCIOWE,"w ramach migracji, nie jako osobne narzędzie",CZĘŚCIOWY,ŚREDNIA,S,
E-22,E,Listy mailingowe,TAK,TAK,TAK,CZĘŚĆ,NIE,BRAK,—,POZA ZAKRESEM,NISKA,—,zastąpione modułem email-marketing
E-23,E,Kalendarz i kontakty (CalDAV/CardDAV),TAK,TAK,CZĘŚĆ,CZĘŚĆ,NIE,BRAK,—,LUKA,NISKA,L,dhosting i home.pl mają w produkcie „poczta biznesowa”
E-24,E,2FA dla webmaila,CZĘŚĆ,TAK,CZĘŚĆ,CZĘŚĆ,TAK,BRAK,—,LUKA,NISKA,M,cyber_Folks ma nawet 2FA dla IMAP/SMTP
E-25,E,Osobny produkt „poczta biznesowa”,NIE,NIE,NIE,TAK,NIE,DZIAŁA,plans/new-email w admin-panel,PARYTET,—,—,plan e-mail istnieje jako osobny produkt
F-01,F,Edytor rekordów DNS (A/CNAME/MX/TXT),TAK,TAK,TAK,TAK,TAK,CZĘŚCIOWE,"2026-09-22 D1: components/hosting/DnsZoneSection.tsx — edytor strefy w zakladce Domeny huba uslugi (wybor domeny, DnsManager z onChanged); dns-manager.tsx typy A/AAAA/CNAME/MX/TXT/SRV/NS/CAA; API subscriptions/dto/hosting-dns.dto.ts (whitelista typow, wzorzec nazwy, zakaz znakow sterujacych, TTL 60-86400) + assertDomainOnSubscription przy odczycie/dodaniu/usunieciu; test hosting-dns-dto.spec.ts",CZĘŚCIOWY,WYSOKA,S,"Skorygowane: obejściem jest link do DirectAdmina (services.controller.ts:350) z poświadczeniami z „dane dostępowe”. Uwaga — SSO nie działa, trasa hosting-sso-url nie istnieje w API, więc klient trafia do obcego panelu i loguje się ręcznie. | 2026-09-22 KOREKTA OPISU: trasa hosting-sso-url ISTNIEJE w API (services.controller.ts, SPRINT-1c) — opis z audytu byl nieaktualny. KOD: komponent DnsManager byl gotowy i nigdzie nie wyrenderowany; podpiety w zakladce Domeny. Przy okazji zamknieta luka na granicy zaufania: body rekordu bylo nietypowane (dowolny typ, znak nowej linii w wartosci = drugi rekord w strefie), a domena z zapytania nie byla sprawdzana wobec konta. OTWARTE do D3 (sprint 18, wezel): format usuwania rekordu w CMD_API_DNS_CONTROL nie jest potwierdzony na zywym DA (komentarz ponytail w directadmin.service.ts) — edycja robi create-then-delete, wiec nieudane usuniecie daloby duplikat. | 2026-09-23: usuwanie rekordu wymaga potwierdzenia; preset „SPF (poczta Verris)” poprawiony na v=spf1 a mx ~all."
F-02,F,Rekordy SRV / CAA,TAK,TAK,TAK,TAK,TAK,CZĘŚCIOWE,"2026-09-22 D1: components/hosting/DnsZoneSection.tsx — edytor strefy w zakladce Domeny huba uslugi (wybor domeny, DnsManager z onChanged); dns-manager.tsx typy A/AAAA/CNAME/MX/TXT/SRV/NS/CAA; API subscriptions/dto/hosting-dns.dto.ts (whitelista typow, wzorzec nazwy, zakaz znakow sterujacych, TTL 60-86400) + assertDomainOnSubscription przy odczycie/dodaniu/usunieciu; test hosting-dns-dto.spec.ts",CZĘŚCIOWY,WYSOKA,S," | 2026-09-22 KOREKTA OPISU: trasa hosting-sso-url ISTNIEJE w API (services.controller.ts, SPRINT-1c) — opis z audytu byl nieaktualny. KOD: komponent DnsManager byl gotowy i nigdzie nie wyrenderowany; podpiety w zakladce Domeny. Przy okazji zamknieta luka na granicy zaufania: body rekordu bylo nietypowane (dowolny typ, znak nowej linii w wartosci = drugi rekord w strefie), a domena z zapytania nie byla sprawdzana wobec konta. OTWARTE do D3 (sprint 18, wezel): format usuwania rekordu w CMD_API_DNS_CONTROL nie jest potwierdzony na zywym DA (komentarz ponytail w directadmin.service.ts) — edycja robi create-then-delete, wiec nieudane usuniecie daloby duplikat. | 2026-09-23: usuwanie rekordu wymaga potwierdzenia; preset „SPF (poczta Verris)” poprawiony na v=spf1 a mx ~all."
F-03,F,Link do strefy DNS w DirectAdmin,—,—,—,CZĘŚĆ,NIE,DZIAŁA,services.controller.ts:350,CZĘŚCIOWY,—,—,obejście braku edytora — pokazuje klientowi obcy panel
F-04,F,Instrukcja skierowania domeny (NS / rekord A),CZĘŚĆ,CZĘŚĆ,CZĘŚĆ,CZĘŚĆ,TAK,DZIAŁA,DomainPointingPanel.tsx:232,PRZEWAGA,—,—,
F-05,F,Weryfikacja skierowania domeny na żywo,NIE,CZĘŚĆ,NIE,CZĘŚĆ,TAK,DZIAŁA,services.controller.ts:365,PRZEWAGA,—,—,z auto-pollingiem
F-06,F,DNSSEC,TAK,TAK,TAK,b.d.,CZĘŚĆ,BRAK,—,LUKA,ŚREDNIA,M,żaden z 5 hostingów PL nie potwierdza publicznie
F-07,F,Secondary / slave DNS,TAK,TAK,TAK,b.d.,NIE,BRAK,—,POZA ZAKRESEM,NISKA,—,"Wtórny DNS ma sens przy własnej infrastrukturze DNS wielolokalizacyjnej; przy jednym operatorze i delegacji na zewnątrz (F-09) nie wnosi odporności, którą obiecuje."
F-08,F,Własne nameservery (vanity NS),TAK,TAK,TAK,CZĘŚĆ,CZĘŚĆ,DZIAŁA,"servers.admin.controller.ts:204,209",PARYTET,—,—,"po stronie operatora, per węzeł"
F-09,F,Delegacja domeny na zewnętrzny DNS,TAK,TAK,TAK,TAK,TAK,DZIAŁA,brak wymuszania własnych NS,PARYTET,—,—,home.pl tego zabrania — nasza przewaga narracyjna
F-10,F,Szablony stref DNS,TAK,TAK,TAK,NIE,NIE,BRAK,—,POZA ZAKRESEM,NISKA,—,"Szablony stref są narzędziem resellera zarządzającego setkami domen. Do rozważenia razem z epikiem E-07, nie wcześniej."
F-11,F,Zmiana TTL rekordów,TAK,TAK,TAK,CZĘŚĆ,TAK,ATRAPA,zależne od F-01,LUKA,ŚREDNIA,S,
F-12,F,Anycast DNS,NIE,NIE,NIE,CZĘŚĆ,CZĘŚĆ,BRAK,—,LUKA,NISKA,L,tylko nazwa.pl na rynku PL
G-01,G,Certyfikat Let's Encrypt — wystawienie,TAK,TAK,TAK,TAK,TAK,DZIAŁA,services.controller.ts:741,PARYTET,—,—,
G-02,G,Certyfikat z www i bez www,TAK,TAK,TAK,TAK,TAK,DZIAŁA,HostingSslForms.tsx:93,PARYTET,—,—,
G-03,G,Certyfikat wildcard (DNS-01),TAK,TAK,TAK,CZĘŚĆ,CZĘŚĆ,DZIAŁA,HostingSslForms.tsx:103,PRZEWAGA,—,—,
G-04,G,Automatyczne odnawianie certyfikatu,TAK,TAK,TAK,TAK,TAK,DZIAŁA,przez DA,PARYTET,—,—,
G-05,G,Wgranie własnego certyfikatu i klucza,TAK,TAK,TAK,TAK,TAK,DZIAŁA,services.controller.ts:754,PARYTET,—,—,
G-06,G,Lista certyfikatów ze statusem i datą wygaśnięcia,TAK,TAK,TAK,CZĘŚĆ,TAK,DZIAŁA,services.controller.ts:736; directadmin.service.ts:2547,PARYTET,—,—,realny odczyt PEM
G-07,G,HSTS,TAK,TAK,CZĘŚĆ,CZĘŚĆ,CZĘŚĆ,BRAK,—,LUKA,NISKA,S,
G-08,G,Sprzedaż certyfikatów DV/OV/EV,NIE,NIE,NIE,TAK,CZĘŚĆ,BRAK,—,LUKA,NISKA,M,wszystkie 5 hostingów PL to sprzedaje
G-09,G,WAF — włączenie i tryb pracy,CZĘŚĆ,TAK,CZĘŚĆ,CZĘŚĆ,CZĘŚĆ,DZIAŁA,services.controller.ts:203,PRZEWAGA,—,—,OFF/DETECTION/ON per konto; dhosting WAF-u nie ma
G-10,G,ModSecurity — zarządzanie regułami,TAK,TAK,TAK,NIE,NIE,BRAK,—,POZA ZAKRESEM,NISKA,—,poziom operatora
G-11,G,Skaner malware dla klienta,PŁATNE,PŁATNE,PŁATNE,CZĘŚĆ,TAK,BRAK,—,LUKA,WYSOKA,L,Imunify to koszt licencyjny — pozycja do unit economics
G-12,G,Czyszczenie zainfekowanych plików,PŁATNE,PŁATNE,PŁATNE,CZĘŚĆ,CZĘŚĆ,BRAK,—,LUKA,ŚREDNIA,L,
G-13,G,2FA (TOTP) w panelu klienta,TAK,TAK,TAK,TAK,TAK,DZIAŁA,"auth.controller.ts:206,213",PARYTET,—,—,u nazwa.pl 2FA jest PŁATNE — nasza przewaga narracyjna
G-14,G,Kody odzyskiwania do 2FA,TAK,TAK,CZĘŚĆ,b.d.,TAK,DZIAŁA,auth.controller.ts:206,PARYTET,—,—,
G-15,G,Passkeys / WebAuthn,NIE,CZĘŚĆ,NIE,NIE,CZĘŚĆ,DZIAŁA,"auth.controller.ts:260,268,283",PRZEWAGA,—,—,nikt na rynku PL tego nie ma
G-16,G,Lista aktywnych sesji i zdalne wylogowanie,CZĘŚĆ,TAK,CZĘŚĆ,NIE,CZĘŚĆ,DZIAŁA,"auth.controller.ts:329,338",PRZEWAGA,—,—,
G-17,G,Historia logowań,TAK,TAK,TAK,CZĘŚĆ,TAK,DZIAŁA,users.controller.ts:38,PARYTET,—,—,bez geolokalizacji
G-18,G,Dziennik aktywności konta,TAK,TAK,CZĘŚĆ,CZĘŚĆ,CZĘŚĆ,CZĘŚCIOWE,users.controller.ts:44,PARYTET,ŚREDNIA,S,"OSŁABIONE: users.service.ts:664-707 filtruje przez białą listę 14 akcji HOSTING_*. Poza dziennikiem zostają logowania, zmiany 2FA, odtworzenia z kopii, publikacje staging, zmiany planu i billing. Rekord nie ma pola aktora."
G-19,G,Auto-wylogowanie po bezczynności,CZĘŚĆ,TAK,CZĘŚĆ,b.d.,CZĘŚĆ,CZĘŚCIOWE,session-idle-guard.tsx,CZĘŚCIOWY,ŚREDNIA,S,"OSŁABIONE: wygaszenie to samo usunięcie ciasteczka (dashboard/actions.ts:6-9). UserSession.revokedAt zostaje null, JWT jest ważny do TTL. To timeout UI, nie kontrola bezpieczeństwa."
G-20,G,Ochrona przed atakiem słownikowym na panel,TAK,TAK,TAK,TAK,TAK,DZIAŁA,"2026-09-23 D2: common/guards/rate-limit.guard.spec.ts (6 testów: limit per IP, per e-mail z wielu IP, reset okna, zakresy i @SkipRateLimit, przepełnienie mapy, awaria Redisa)",PARYTET,WYSOKA,S,"brak dowodu D2 na krytycznym guardzie | ZNALEZISKO przy pisaniu testów: w trybie pamięciowym przepełnienie mapy (50 tys. kluczy) czyściło WSZYSTKIE liczniki — losowe e-maile zerowały licznik prób logowania do atakowanego konta (fail-open). Teraz usuwane są tylko wygasłe, a przy pełnej mapie nowe klucze dostają 429 (fail-closed)."
G-21,G,Anty-DDoS,NIE,NIE,NIE,TAK,CZĘŚĆ,BRAK,—,LUKA,ŚREDNIA,L,wszystkie 5 hostingów PL to deklaruje — brak w ofercie będzie widoczny
G-22,G,Powiadomienie o podejrzanym logowaniu,CZĘŚĆ,TAK,CZĘŚĆ,b.d.,CZĘŚĆ,BRAK,—,LUKA,NISKA,S,
G-23,G,Blokada logowania klienta przez operatora,TAK,TAK,TAK,b.d.,b.d.,DZIAŁA,users.admin.controller.ts:142,PARYTET,—,—,"uwaga: blokuje logowanie, NIE wyłącza hostingu"
G-24,G,Break-glass / dostęp awaryjny operatora,CZĘŚĆ,CZĘŚĆ,CZĘŚĆ,b.d.,b.d.,DZIAŁA,"settings/security/actions.ts:15,23",PRZEWAGA,—,—,
Z-03,G,Walidacja danych migracji przed użyciem w poleceniu powłoki,—,—,—,—,—,DZIAŁA,dto/migration.dto.ts — MIGRACJA_WZORCE + @Matches na 17 polach; ops/scripts/lib/migration-input-guard.sh — vg_require; node-migration-worker.sh — fail-closed source + zero eval,PARYTET,—,M,"Zamknięte 2026-08-21. Trzy wektory: eval z nazwą bazy, łańcuch poleceń lftp ze ścieżką zdalną, eval przy imporcie — wszystkie usunięte, plus allowlista znaków na obu warstwach (DTO i węzeł). Worker startuje fail-closed bez biblioteki walidacji (kod 78), sprawdzone zachowaniem w teście. 70 przypadków testowych, 48 czerwieniło się na starym kodzie. D3 wymagane po wdrożeniu, bo pozycja dotyczy dostępu. Dokumentacja: docs/archiwum/zadania/Z-03-walidacja-danych-migracji.md"
H-01,H,Kopia zapasowa na żądanie,TAK,TAK,TAK,TAK,TAK,DZIAŁA,services.controller.ts:915,PARYTET,—,—,CMD_API_SITE_BACKUP
H-02,H,Harmonogram kopii (dzienny/tygodniowy),TAK,TAK,TAK,TAK,TAK,DZIAŁA,services.controller.ts:926,PARYTET,—,—,
H-03,H,Konfigurowalna retencja kopii,TAK,TAK,TAK,TAK,TAK,DZIAŁA,services.controller.ts:926,PARYTET,—,—,
H-04,H,Retencja co najmniej 28 dni w cenie,—,—,—,CZĘŚĆ,CZĘŚĆ,CZĘŚCIOWE,off-site: 30 dni (node-offsite-backup.sh:101),CZĘŚCIOWY,WYSOKA,M,"cyber_Folks 28 dni, seohost do 60 dni — to jest poprzeczka rynkowa"
H-05,H,Lista dostępnych kopii,TAK,TAK,TAK,TAK,TAK,DZIAŁA,services.controller.ts:768,PARYTET,—,—,
H-06,H,Samodzielne odtworzenie plików,TAK,TAK,TAK,TAK,TAK,DZIAŁA,services.controller.ts:811,PARYTET,—,—,
H-07,H,Samodzielne odtworzenie bazy danych,TAK,TAK,TAK,TAK,TAK,DZIAŁA,services.controller.ts:811,PARYTET,—,—,
H-08,H,Samodzielne odtworzenie poczty,TAK,TAK,TAK,CZĘŚĆ,TAK,DZIAŁA,services.controller.ts:811,PRZEWAGA,—,—,u home.pl i nazwa.pl odtworzenie poczty jest PŁATNE
H-09,H,Kopia bezpieczeństwa przed odtworzeniem,CZĘŚĆ,TAK,CZĘŚĆ,b.d.,CZĘŚĆ,CZĘŚCIOWE,"2026-09-23 D1: hosting-restore.service.ts takeSafetyBackup — odtwarzanie rusza dopiero, gdy na liście kopii pojawi się NOWE archiwum (do 15 min), inaczej FAILED „dane nie zostały zmienione”; nieczytelna lista = odmowa; test hosting-restore.safety.spec.ts",CZĘŚCIOWY,WYSOKA,S,"OSŁABIONE: hosting-restore.service.ts:167 tylko KOLEJKUJE backup w DA i nie czeka na wynik — destrukcyjne odtworzenie rusza mimo nieudanej kopii. Job dostaje COMPLETED (:182) w chwili przyjęcia zadania, nie po odtworzeniu. | Naprawione: nadpisywanie danych bez siatki. Status COMPLETED w panelu klienta opisany uczciwie („Odtwarzanie zlecone — serwer odtwarza dane w tle”), bo DA przyjmuje odtworzenie asynchronicznie. OTWARTE do D3 (PB-21): pełny przebieg na żywym DA i wykrycie końca odtwarzania."
H-10,H,Odtworzenie pojedynczego pliku,PŁATNE,TAK,CZĘŚĆ,CZĘŚĆ,TAK,BRAK,—,LUKA,WYSOKA,M,JetBackup/Plesk to mają; seohost i dhosting też
H-11,H,Podgląd zawartości archiwum przed odtworzeniem,PŁATNE,TAK,CZĘŚĆ,CZĘŚĆ,CZĘŚĆ,ATRAPA,"services.controller.ts:788-793 — buduje z BIEŻĄCEGO inwentarza konta, nie z archiwum",LUKA,WYSOKA,M,"nazwa funkcji obiecuje coś, czego nie robi"
H-12,H,Status zadania odtwarzania,TAK,TAK,CZĘŚĆ,CZĘŚĆ,TAK,DZIAŁA,services.controller.ts:828,PARYTET,—,—,
H-13,H,Pobranie archiwum kopii lokalnie,TAK,TAK,TAK,TAK,TAK,CZĘŚCIOWE,"services.controller.ts:855 — kopiuje na konto, nie do przeglądarki",CZĘŚCIOWY,ŚREDNIA,S,
H-14,H,Kopia off-site (poza węzłem),PŁATNE,TAK,CZĘŚĆ,CZĘŚĆ,CZĘŚĆ,DZIAŁA,ops/scripts/node-offsite-backup.sh:93-97 (rclone crypt → S3),PRZEWAGA,—,—,szyfrowane po stronie węzła
H-15,H,Lista kopii off-site dla klienta,NIE,CZĘŚĆ,NIE,NIE,NIE,DZIAŁA,services.controller.ts:845,PRZEWAGA,—,—,
H-16,H,ODTWORZENIE KONTA NA INNY WĘZEŁ,PŁATNE,TAK,CZĘŚĆ,b.d.,CZĘŚĆ,BRAK,offsite-restore.service.ts:125 kieruje zadanie na account.serverId; node-account-restore.sh:76 przerywa gdy brak katalogu,LUKA,WYSOKA,L,"Skorygowane: ścieżka odtworzenia na NOWYM węźle istnieje jako procedura ops — ops/docs/OFFSITE_RESTORE_RUNBOOK.md, sekcja „Scenariusz utrata węzła”. Nie jest funkcją produktu (runbook sam to nazywa kolejnym krokiem), ale warunek „bez ścieżki odtworzenia” nie jest spełniony."
H-17,H,Tryb restore skryptu odtwarzającego osiągalny z produktu,—,—,—,—,—,DZIAŁA,"2026-09-23: produktowa ścieżka odtwarzania z off-site = „Pobierz na serwer” (fetch, agent) + przywrócenie z listy kopii z kopią bezpieczeństwa (H-09) i potwierdzeniem domeną; tryb `restore` skryptu (DA type=admin, bez kopii bezpieczeństwa) celowo zostaje tylko w CLI/runbooku DR",PARYTET,WYSOKA,S,"Skorygowane: tryb restore jest martwy z poziomu produktu, ale żywy z CLI (node-account-restore.sh:120-124) i udokumentowany w runbooku. | DO DECYZJI WŁAŚCICIELA: proponuję zamknąć jako PARYTET przez równoważną ścieżkę produktową — wystawienie trybu `restore` ominęłoby kopię bezpieczeństwa z H-09. Tryb restore działa też tylko przy istniejącym koncie na węźle, czyli dokładnie tam, gdzie wystarcza fetch + przywrócenie. | DECYZJA WŁAŚCICIELA 2026-09-23: zamknięte jako PARYTET — ścieżka produktowa (pobierz na serwer + przywrócenie z kopią bezpieczeństwa i potwierdzeniem domeną) daje ten sam efekt bezpieczniej; tryb restore skryptu zostaje wyłącznie w CLI/runbooku DR."
H-18,H,Odtworzenie konta przez operatora z panelu,TAK,TAK,TAK,TAK,TAK,ENDPOINT BEZ UI,"subscriptions.admin.controller.ts:69,86 — zero wywołań w admin-panel",LUKA,ŚREDNIA,S,"Skorygowane: klient ma self-restore z kopii lokalnych, operator ma działający endpoint. Brakuje przycisku."
H-19,H,Automatyczna konfiguracja backupu przy wdrożeniu węzła,TAK,TAK,TAK,—,—,BRAK,node-onboard-live.sh:240-244 tylko log_warn; wizard węzła (wizard-content.ts:21-40) nie ma kroku backupu,LUKA,WYSOKA,M,"Skorygowane: timer instalowany zawsze (node-onboard-live.sh:239-247), brakuje pliku konfiguracyjnego, a stan jest widoczny w live-readiness (:171-180). Realny problem: ostrzeżenie nie blokuje go-live — dodać twardą bramkę."
H-20,H,Test odtworzeniowy z datą ostatniego wykonania,—,—,—,—,—,DZIAŁA,"DOWÓD D4 — wiersz w bazie PRODUKCYJNEJ, odczytany 2026-08-23: finishedAt=2026-08-22 23:19:45, result=OK, owner=Dominik Kowalski, durationSec=9, objectName=latest.sql.gz.age. W tabeli stoi też wiersz poprzedni: 2026-08-22 19:57:36 / FAILED / durationSec=1 / objectName=latest.sql.gz — próba sprzed H-24, która szła po nieistniejący obiekt. | MECHANIZM (D2): admin-readiness/proba-odtworzenia.ts — ocenProby/brakujaceWiersze/MINIMALNE_WIERSZE; live-readiness.service.ts — pozycja restore_drill z blocking: true; proba-odtworzenia.scheduler.ts — przypomnienie codziennie 08:30, tylko gdy jest co robić; ops/scripts/restore-drill-isolated.sh — progi wierszy na 5 tabelach, suma kontrolna, deszyfrowanie age, zapis śladu; migracja 20260823000000_proba_odtworzenia (tabela RestoreDrill + 2 CHECK); ops/docs/OFFSITE_RESTORE_RUNBOOK.md — procedura z właścicielem i cyklem 30 dni; proba-odtworzenia.spec.ts (20) + test/integration/proba-odtworzenia.int-spec.ts (8)",PARYTET,—,M,"ZAMKNIĘTE 2026-08-23. Pierwsze w historii projektu odtworzenie bazy z kopii — i pierwszy dowód, że warstwa DR w ogóle działa. Przebieg: MinIO stat latest.sql.gz.age (4,3 MiB, 2026-08-22 21:24:12), suma kontrolna zgodna, deszyfrowanie kluczem operacyjnym, odtworzenie do izolowanej bazy verris_restore_drill w 9 sekund, progi wierszy na pięciu tabelach: Invoice 0 (min 0), Plan 5 (min 1), Account 3 (min 0), User 10 (min 1), Subscription 7 (min 0), baza drillowa skasowana, produkcyjna verris_db nietknięta. | DZIEWIĘĆ SEKUND TO REALNE RTO — dolne oszacowanie, bo drill biegnie na tym samym hoście. To jest liczba, którą trzeba znać PRZED awarią, nie w jej trakcie. | DWA WIERSZE W TABELI, NIE JEDEN — i to jest część dowodu. Pierwsza próba (19:57, FAILED, 1 s, latest.sql.gz) padła, bo skrypt pytał o obiekt, którego produkcja NIGDY nie tworzy; naprawione w H-24, druga próba (23:19, OK, 9 s, latest.sql.gz.age) przeszła. Mechanizm zapisał własną porażkę zamiast ją przemilczeć — dokładnie po to powstał wymóg, żeby ślad powstawał RÓWNIEŻ przy niepowodzeniu. Ocena patrzy na OSTATNIĄ próbę, nie na ostatnią udaną: gdyby patrzyła tylko na udane, wczorajsza awaria odtwarzania byłaby niewidoczna. | DOWÓD ODCZYTANY Z BAZY, NIE Z KOMUNIKATU SKRYPTU. Skrypt drukuje „ślad próby zapisany"" — to jest zdanie o zamiarze, nie o wyniku. Cała ta pozycja i cała awaria kopii z H-23 wzięły się z ufania takim zdaniom. | DOWÓD SIĘ STARZEJE: termin ważności 30 dni (MAKS_WIEK_PROBY_DNI), czyli do 2026-09-21, potem gotowość do startu znów zwraca go: false. Przypomnienie idzie mailem 7 dni przed terminem. Odtworzenie sprzed schematu, którego już nie ma, nie dowodzi niczego o dzisiejszej kopii. | ZROBIONE POZA KOLEJNOŚCIĄ — pozycja planowana na sprint 9 (po postawieniu węzła produkcyjnego w sprincie 8), wykonana w sprincie 2, bo H-23 wymusiło odtworzenie kopii tu i teraz. | CZEGO NIE ROBI: nie odtwarza konta hostingowego (pliki, poczta, bazy klienta — osobna ścieżka w runbooku); nie mierzy RTO na maszynie zastępczej; nie sprawdza poprawności danych ponad to, że tabele nie są puste; nie uruchamia się sam — przypomina, nie wykonuje. Dokumentacja: docs/archiwum/zadania/H-20-proba-odtworzenia.md | FLAGA BLOKERA ZDJETA 2026-09-19: pozycja ma stan DZIALA i werdykt PARYTET od 2026-08-23, z dowodem D4 (wiersz w bazie produkcyjnej, finishedAt=2026-08-22 23:19:45, durationSec=9). Flaga BLOKER STARTU zostala po zamknieciu i generator liczyl przez nia piec blokerow zamiast czterech. Licznik, ktory podaje zla liczbe, jest tym samym rodzajem usterki co bramka z X-33 — uczy nie ufac wlasnemu odczytowi."
H-21,H,Monitoring wykonania kopii we flocie,TAK,TAK,CZĘŚĆ,—,—,DZIAŁA,node-backup.agent.controller.ts:44-78,PARYTET,—,—,
H-22,H,Panel odtwarzania w widocznym miejscu,TAK,TAK,TAK,TAK,TAK,DZIAŁA,2026-09-23: client-panel BackupsTab.tsx — sekcja „Kopie poza serwerem” (HostingOffsitePanel) w zakładce Kopie zapasowe; zdublowany panel przywracania usunięty z Zużycia zasobów (hosting-backup-restore-panel.tsx),PARYTET,WYSOKA,S,"klient w kryzysie tego nie znajdzie | Kopie off-site są tam, gdzie klient ich szuka w kryzysie; przywracanie jest w jednym miejscu, z potwierdzeniem domeną."
H-23,H,Backup bazy control-plane,—,—,—,—,—,DZIAŁA,"ops/backup-postgres.sh (fail-closed przy braku kluczy age — zadziałało poprawnie); .env.prod — BACKUP_AGE_RECIPIENTS ustawione 2026-08-22 (dwa klucze: operacyjny + break-glass offline); MinIO verris-backups/postgres/: latest.sql.gz.age + verris-2026-08-22-2124.sql.gz.age + dwa .sha256 (bucket UTWORZONY dopiero 2026-08-22 21:24 — wcześniej nie istniał); odtworzenie potwierdzone 2026-08-22 21:41: integralność OK, deszyfrowanie OK, User 10 / Plan 5 wierszy",PARYTET,—,—,"POPRAWKA WERDYKTU 2026-08-22. Do dziś ta pozycja miała DZIAŁA / PARYTET, a dowodem było „ops/backup-postgres.sh, backup-mirror-external.sh, backup-verify.sh"" — czyli TO, ŻE SKRYPTY ISTNIEJĄ. Poziom dowodu D1, wpisany jako działający, przy regule audytu, która dla backupów i DR wymaga D4. Reguła była dobra, wiersz ją łamał. | STAN FAKTYCZNY DO 2026-08-22: kopia bazy control-plane nie wykonała się ANI RAZU. Nie „nie doleciała"" — bucket verris-backups w MinIO w ogóle nie istniał, utworzył się dopiero przy pierwszym udanym uruchomieniu. Cron chodził codziennie o 03:17, pg_dump i gzip przechodziły, a skrypt przerywał na szyfrowaniu: w .env.prod nigdy nie ustawiono BACKUP_AGE_RECIPIENTS. Najstarszy porzucony zrzut w stagingu miał datę 24 lipca — awaria trwała co najmniej miesiąc. | SKRYPT ZACHOWAŁ SIĘ POPRAWNIE: szyfrowanie jest fail-closed, więc zamiast wysłać niezaszyfrowany zrzut z danymi osobowymi do MinIO, odmówił i wyszedł z kodem 43. To jedyny element tego łańcucha, który zadziałał zgodnie z projektem. | DLACZEGO NIKT SIĘ NIE DOWIEDZIAŁ: (1) log szedł do /var/log/verris-backup.log i nikt go nie czytał; (2) alert VerrisPostgresBackupStale istnieje, ma severity: critical i regułę „verris_backup_present == 0"" — czyli powinien dzwonić bez przerwy przez miesiąc; nie dotarł do nikogo i to jest osobne pytanie o routing Alertmanagera; (3) gotowość do startu sprawdzała backupy WĘZŁÓW (offsite_backup), a bazy control-plane — tej z fakturami, użytkownikami i subskrypcjami — nie sprawdzała nigdzie. | NAPRAWA 2026-08-22: wygenerowane dwa klucze age (operacyjny na control-plane do restore i drilla, break-glass wyniesiony do menedżera haseł — bo oba klucze prywatne na tej samej maszynie co baza znaczą, że pożar zabiera kopie I możliwość ich odczytania naraz), kopia wykonana ręcznie, obecność obiektu potwierdzona, odtwarzalność potwierdzona osobnym uruchomieniem. Przy okazji skrypt sam usunął 27 nieszyfrowanych zrzutów zalegających w /tmp (RODO art. 32). | OSIĄGNIĘTY POZIOM: D3 (obiekt na produkcji + potwierdzone odtworzenie, z datą). D4 domknie H-20, bo dopiero drill zapisuje datę, wynik i właściciela w sposób powtarzalny."
H-24,H,Nazwa obiektu kopii i drill odtworzeniowy mają po jednym miejscu,—,—,—,—,—,DZIAŁA,"ops/lib/backup-crypto.sh — backup_crypto_latest_object(), jedno źródło nazwy obiektu; ops/scripts/restore-drill-isolated.sh — nazwa z biblioteki + weryfikacja SHA-256 + deszyfrowanie age; ops/scripts/prod-health-snapshot.sh, ops/restore-postgres.sh — nazwa z biblioteki; apps/api/src/storage/object-storage.service.ts — stała OBIEKT_KOPII_LATEST; USUNIĘTY ops/backup-verify.sh (druga kopia drilla); apps/api/src/test/nazwa-obiektu-kopii.spec.ts (12)",PARYTET,—,S,"Odkryte 2026-08-22 przy pierwszym prawdziwym uruchomieniu drilla z H-20. | DWA SKRYPTY DO JEDNEGO ZADANIA. ops/backup-verify.sh robił wszystko POPRAWNIE: właściwa nazwa obiektu (latest.sql.gz.age), weryfikacja SHA-256, deszyfrowanie age, odtworzenie do osobnej bazy, sanity-check. I nie wołał go NIKT — żaden cron, runbook ani dokument; jedyne wystąpienia nazwy tego pliku w repozytorium to jego własny nagłówek. Obok stał ops/scripts/restore-drill-isolated.sh: zła nazwa obiektu, bez sumy kontrolnej, bez deszyfrowania, za to wpięty w runbook, w mail przypominający i w gotowość do startu. Utwardzanie H-20 poszło w tę drugą kopię — dołożyłem progi na pięciu tabelach, tabelę RestoreDrill, właściciela, pomiar czasu i bramkę, przykręcając to wszystko do skryptu, który nie mógł zadziałać. To moja pomyłka i to na pozycji, której całym sensem było sprawdzenie, czy naprawdę potrafimy odtworzyć bazę. Rodzina „bliźniaczych miejsc"": Z-12, Z-16, M-06, X-24, teraz tu — tym razem najdroższa, bo dotyczyła DR. | NAZWA OBIEKTU W CZTERECH MIEJSCACH: drill, prod-health-snapshot.sh, restore-postgres.sh i metryka Prometheusa. Trzy z czterech miały „latest.sql.gz"", a backup wysyła „latest.sql.gz.age"", bo szyfrowanie jest w produkcji obowiązkowe. | PRECYZYJNIE O SKUTKU, bo łatwo tu przesadzić: w sierpniu metryka pokazywała zero ZGODNIE Z PRAWDĄ — kopii nie było w ogóle, więc zła nazwa nie ukryła TAMTEJ awarii. Ukryłaby NASTĘPNĄ: po naprawie kopii metryka nadal czytałaby nieistniejący obiekt, alert VerrisPostgresBackupStale krzyczałby bez końca przy działających kopiach, a wtedy ktoś by go wyciszył. Alarm, który kłamie, kończy tak samo jak alarm, którego nie ma. | ROZWIĄZANIE: nazwa wyprowadzana z backup_crypto_latest_object(), obok backup_crypto_enabled — żeby odpowiedź na „czy .age"" brała się z tego samego miejsca co decyzja o szyfrowaniu. TypeScript nie zaimportuje funkcji basha, więc stała OBIEKT_KOPII_LATEST jest wiązana z biblioteką testem czytającym oba pliki (ta sama technika co X-24 i Z-03). | Drill dostał to, czego mu brakowało: weryfikację sumy kontrolnej pobranego obiektu (bez niej dowodziłby, że da się odtworzyć TO, CO POBRAŁ, a nie to, co zapisała kopia) i deszyfrowanie przed gunzipem. | Czerwieni się na starym kodzie: 4 z 12. | CZEGO NIE ROBI: nie odpowiada, dlaczego krytyczny alert nie dotarł do nikogo przez miesiąc — to konfiguracja Alertmanagera, poza kodem repozytorium. Dokumentacja: docs/archiwum/zadania/H-24-jedna-nazwa-jeden-drill.md"
I-01,I,Autoinstalator aplikacji,PŁATNE,TAK,PŁATNE,TAK,TAK,CZĘŚCIOWE,"app-install.service.ts:25,32 — katalog ma 2 pozycje",CZĘŚCIOWY,WYSOKA,M,"Softaculous/Installatron ma ~400 aplikacji; my mamy Nextcloud i PrestaShop | KOREKTA 2026-08-21: niezależnie od ubogiego katalogu, ścieżka wykonania była przerwana — node-app-install.sh nie był kopiowany do obrazu, więc /agent/tasks/app-install/script zwracał 500 i zadanie APP_INSTALL nie mogło się wykonać na produkcji. Naprawione razem z B-01."
I-02,I,Instalacja WordPressa jednym kliknięciem,PŁATNE,TAK,PŁATNE,TAK,TAK,DZIAŁA,services.controller.ts:218,PARYTET,—,—,NodeTask WP_INSTALL + wp-cli
I-03,I,Status instalacji WordPressa,CZĘŚĆ,TAK,CZĘŚĆ,TAK,TAK,DZIAŁA,services.controller.ts:213,PARYTET,—,—,
I-04,I,Automatyczne aktualizacje WordPressa,PŁATNE,TAK,PŁATNE,TAK,TAK,BRAK,—,LUKA,WYSOKA,M,4 z 5 hostingów PL to ma
I-05,I,Aktualizacje wtyczek i motywów z panelu,PŁATNE,TAK,PŁATNE,CZĘŚĆ,TAK,BRAK,—,LUKA,ŚREDNIA,M,
I-06,I,Smart Updates (test przed aktualizacją),NIE,PŁATNE,NIE,NIE,CZĘŚĆ,BRAK,—,POZA ZAKRESEM,NISKA,L,"wyróżnik Pleska, rynek PL tego nie ma"
I-07,I,Skanowanie podatności WordPressa,NIE,TAK,NIE,CZĘŚĆ,TAK,BRAK,—,LUKA,ŚREDNIA,L,Plesk używa Patchstack
I-08,I,Hardening WordPressa (checklist),NIE,TAK,NIE,CZĘŚĆ,CZĘŚĆ,BRAK,—,LUKA,ŚREDNIA,M,
I-09,I,Staging — utworzenie kopii roboczej,PŁATNE,TAK,PŁATNE,CZĘŚĆ,TAK,DZIAŁA,services.controller.ts:182,PRZEWAGA,—,—,tylko 2 z 5 hostingów PL ma staging
I-10,I,Staging — odświeżenie z produkcji,PŁATNE,TAK,PŁATNE,CZĘŚĆ,TAK,DZIAŁA,StagingTab.tsx:174,PRZEWAGA,—,—,
I-11,I,Staging — publikacja na produkcję,PŁATNE,TAK,PŁATNE,CZĘŚĆ,TAK,CZĘŚCIOWE,2026-09-23 D1: node-staging-sync.sh TO_LIVE — eksport bazy LIVE i niepusty plik kopii są twardą bramką (die) przed db import; retencja po udanej kopii; strażnik src/test/staging-publikacja-z-kopia.spec.ts,CZĘŚCIOWY,WYSOKA,S,"OSŁABIONE: node-staging-sync.sh:141-142 backup plików jest twardą bramką, ale :152-153 backup bazy LIVE jest best-effort — linia 158 robi wp db import na produkcji mimo braku kopii. | Naprawione: import bazy staging na produkcję mimo braku kopii bazy LIVE. OTWARTE do D3 (PB-21): publikacja stagingu na żywym węźle."
I-12,I,Staging — usunięcie,PŁATNE,TAK,PŁATNE,CZĘŚĆ,TAK,DZIAŁA,services.controller.ts:192,PRZEWAGA,—,—,
I-13,I,Klonowanie strony między domenami,PŁATNE,TAK,PŁATNE,CZĘŚĆ,TAK,BRAK,—,LUKA,ŚREDNIA,M,
I-14,I,Masowe zarządzanie wieloma instalacjami WP,NIE,TAK,NIE,NIE,CZĘŚĆ,BRAK,—,LUKA,NISKA,L,realna przewaga dla agencji
I-15,I,Tryb konserwacji WordPressa,NIE,TAK,NIE,NIE,CZĘŚĆ,BRAK,—,LUKA,NISKA,S,
I-16,I,WP-CLI,TAK,TAK,TAK,CZĘŚĆ,TAK,CZĘŚCIOWE,używane wewnętrznie przy WP_INSTALL,CZĘŚCIOWY,ŚREDNIA,S,klient nie ma bezpośredniego dostępu (dziedziczy C-21)
I-17,I,Migracja z innego hostingu — wykrywanie źródła,NIE,TAK,NIE,CZĘŚĆ,CZĘŚĆ,DZIAŁA,services.controller.ts:978,PRZEWAGA,—,—,na rynku PL migrację robi dostawca ręcznie
I-18,I,Migracja — test poświadczeń (preflight),NIE,TAK,NIE,NIE,NIE,CZĘŚCIOWE,services.controller.ts:1001,CZĘŚCIOWY,ŚREDNIA,S,"OSŁABIONE: migration-preflight.service.ts:93-131 — dla SFTP/SSH, czyli głównego kanału plików, testowany jest wyłącznie baner portu. Literówka w haśle przejdzie preflight."
I-19,I,Migracja — uruchomienie (pliki + baza + poczta),NIE,TAK,NIE,CZĘŚĆ,CZĘŚĆ,DZIAŁA,"migration-orchestrator.service.ts:636,655",PRZEWAGA,—,—,rsync + mysqldump; test D1 (11 przypadków)
I-20,I,Migracja — delta-sync przed przełączeniem,NIE,CZĘŚĆ,NIE,NIE,NIE,DZIAŁA,services.controller.ts:1041,PRZEWAGA,—,—,realny wyróżnik: minimalizuje przestój
I-21,I,Migracja — plan i weryfikacja cutoveru,NIE,NIE,NIE,NIE,NIE,DZIAŁA,"services.controller.ts:1052,1062",PRZEWAGA,—,—,
I-22,I,Migracja — cockpit operatora,NIE,TAK,NIE,—,—,CZĘŚCIOWE,"migrations.staff.controller.ts:75,90,126",CZĘŚCIOWY,ŚREDNIA,S,"OSŁABIONE: cockpit ma UI tylko w panelu admina; apps/staff-panel nie ma strony migracji, a logowanie do admina odrzuca STAFF. Uprawnienie MIGRATIONS_MANAGE dla roli STAFF jest bezużyteczne."
J-01,J,LiteSpeed / serwer o wysokiej wydajności,PŁATNE,CZĘŚĆ,PŁATNE,CZĘŚĆ,CZĘŚĆ,b.d.,"decyzja infrastrukturalna, poza kodem panelu",CZĘŚCIOWY,WYSOKA,S,"koszt licencji — pozycja do unit economics | WYCENA 2026-09-19: krytycznosc i naklad uzupelnione przy wznowieniu. Pozycje przepisane 2026-08-28 w ramach X-49 zostaly bez wyceny, przez co nie liczyly sie do budzetu godzin i nie stały w zadnym sprincie. Podstawa wyceny: Stan b.d. — definicja ukonczenia dla b.d. to weryfikacja na produkcji z timestampem (D3), nie implementacja. Wykonalne na wezle #1."
J-02,J,Cache stron (LSCache) sterowany z panelu,PŁATNE,TAK,PŁATNE,CZĘŚĆ,TAK,BRAK,—,LUKA,WYSOKA,M,
J-03,J,Cache obiektowy (Redis) dla WordPressa,CZĘŚĆ,TAK,CZĘŚĆ,TAK,TAK,BRAK,—,LUKA,WYSOKA,M,patrz D-15
J-04,J,HTTP/3,TAK,TAK,TAK,TAK,TAK,b.d.,poza kodem panelu,CZĘŚCIOWY,ŚREDNIA,S,"4 z 5 hostingów PL już ma | WYCENA 2026-09-19: krytycznosc i naklad uzupelnione przy wznowieniu. Pozycje przepisane 2026-08-28 w ramach X-49 zostaly bez wyceny, przez co nie liczyly sie do budzetu godzin i nie stały w zadnym sprincie. Podstawa wyceny: Stan b.d. — jak J-01, weryfikacja na wezle #1."
J-05,J,CDN,CZĘŚĆ,TAK,CZĘŚĆ,PŁATNE,TAK,BRAK,—,LUKA,NISKA,L,na rynku PL płatny dodatek
J-06,J,Optymalizacja obrazów,NIE,TAK,NIE,NIE,TAK,BRAK,—,LUKA,NISKA,M,
J-07,J,Dedykowany adres IP,TAK,TAK,TAK,PŁATNE,CZĘŚĆ,CZĘŚCIOWE,addons — jako dodatek typu workorder,CZĘŚCIOWY,ŚREDNIA,S,"addon.service.ts:120 — realizacja przez zgłoszenie do BOK, nie automat"
J-08,J,Autoskalowanie zasobów,NIE,NIE,NIE,CZĘŚĆ,TAK,DZIAŁA,autoscaling-engine.service.ts:64 (cron 1 min),PRZEWAGA,—,—,tylko dhosting ma coś podobnego na rynku PL
J-09,J,Limit miesięcznego kosztu autoskalowania,NIE,NIE,NIE,NIE,CZĘŚĆ,DZIAŁA,subscriptions.controller.ts:120; test autoscaling-engine.cap.spec.ts,PRZEWAGA,—,—,"cap egzekwowany w silniku, test D1"
J-10,J,Kalkulator kosztu skalowania,NIE,NIE,NIE,NIE,CZĘŚĆ,DZIAŁA,autoscaling.controller.ts:12,PRZEWAGA,—,—,
J-11,J,Historia zdarzeń skalowania,NIE,NIE,NIE,NIE,CZĘŚĆ,DZIAŁA,subscriptions.controller.ts:138,PRZEWAGA,—,—,
K-01,K,Zużycie CPU / RAM / IO na wykresie,TAK,TAK,TAK,TAK,TAK,DZIAŁA,services.controller.ts:881,PARYTET,—,—,"realna telemetria LVE, 24 h / 7 d"
K-02,K,Zużycie powierzchni i transferu,TAK,TAK,TAK,TAK,TAK,DZIAŁA,services.controller.ts:936,PARYTET,—,—,
K-03,K,Licznik inodów,TAK,TAK,TAK,b.d.,CZĘŚĆ,BRAK,—,LUKA,ŚREDNIA,S,żaden hosting PL nie publikuje — okazja na transparentność
K-04,K,Logi dostępu WWW (access log),TAK,TAK,TAK,TAK,TAK,BRAK,—,LUKA,WYSOKA,M,wszystkie 5 hostingów PL to ma; seohost reklamuje jako darmowe
K-05,K,Logi błędów PHP,TAK,TAK,TAK,TAK,TAK,BRAK,—,LUKA,WYSOKA,M,j.w. — bez tego klient nie zdiagnozuje własnej strony
K-06,K,Surowe logi do pobrania,TAK,TAK,TAK,CZĘŚĆ,CZĘŚĆ,BRAK,—,LUKA,ŚREDNIA,S,
K-07,K,Statystyki odwiedzin (AWStats/Webalizer),TAK,TAK,TAK,CZĘŚĆ,NIE,BRAK,—,POZA ZAKRESEM,NISKA,—,zastąpione własną analityką (K-12)
K-08,K,Powiadomienia o przekroczeniu limitów,TAK,TAK,TAK,CZĘŚĆ,TAK,CZĘŚCIOWE,monitoring dostępności działa; brak alertów o limitach zasobów,CZĘŚCIOWY,ŚREDNIA,S,
K-09,K,Health-check usługi (DNS/TLS/poczta/HTTP),NIE,CZĘŚĆ,NIE,NIE,CZĘŚĆ,DZIAŁA,services.controller.ts:865,PRZEWAGA,—,—,z podpowiedziami „co zrobić”
K-10,K,Monitoring dostępności strony,NIE,TAK,NIE,CZĘŚĆ,TAK,DZIAŁA,"services.controller.ts:147,157",PRZEWAGA,—,—,z powiadomieniami e-mail
K-11,K,Powiadomienia o wykrytej niedostępności,NIE,TAK,NIE,CZĘŚĆ,TAK,DZIAŁA,services.controller.ts:157,PRZEWAGA,—,—,
K-12,K,Analityka odwiedzin bez cookies,NIE,NIE,NIE,NIE,NIE,DZIAŁA,"analytics-sites.controller.ts:30,51; retencja 90 dni (analytics-sites.service.ts:49)",PRZEWAGA,—,—,nikt na rynku PL tego nie ma
K-13,K,Analityka — snippet do wklejenia,NIE,NIE,NIE,NIE,NIE,DZIAŁA,analytics-public.controller.ts,PRZEWAGA,—,—,
K-14,K,Wolne zapytania SQL,TAK,TAK,CZĘŚĆ,NIE,CZĘŚĆ,BRAK,—,LUKA,NISKA,M,
L-01,L,Zadanie cron — dodanie,TAK,TAK,TAK,TAK,TAK,DZIAŁA,services.controller.ts:640,PARYTET,—,—,presety harmonogramu
L-02,L,Zadanie cron — usunięcie,TAK,TAK,TAK,TAK,TAK,DZIAŁA,services.controller.ts:657,PARYTET,—,—,
L-03,L,Zadanie cron — edycja,TAK,TAK,TAK,TAK,TAK,BRAK,—,LUKA,ŚREDNIA,S,obecnie usuń i dodaj ponownie
L-04,L,Cron z interwałem 1 minuty,TAK,TAK,TAK,CZĘŚĆ,TAK,b.d.,zależne od konfiguracji DA,CZĘŚCIOWY,NISKA,S,cyber_Folks ma minimum 60 min — okazja
L-05,L,Cron z wyborem wersji PHP,TAK,TAK,TAK,CZĘŚĆ,CZĘŚĆ,BRAK,—,LUKA,ŚREDNIA,S,seohost to reklamuje
L-06,L,Podgląd wyniku ostatniego wykonania crona,TAK,TAK,CZĘŚĆ,NIE,CZĘŚĆ,BRAK,—,LUKA,ŚREDNIA,M,
L-07,L,Publiczne API — odczyt,TAK,TAK,TAK,NIE,TAK,CZĘŚCIOWE,public-api.controller.ts:22-98 — 5 endpointów GET,PRZEWAGA,NISKA,M,"żaden hosting PL nie ma publicznego API | WYCENA 2026-09-19: krytycznosc i naklad uzupelnione przy wznowieniu. Pozycje przepisane 2026-08-28 w ramach X-49 zostaly bez wyceny, przez co nie liczyly sie do budzetu godzin i nie stały w zadnym sprincie. Podstawa wyceny: Publiczne API tylko do odczytu — roadmapa po starcie, nie warunek startu."
L-08,L,Publiczne API — zapis,TAK,TAK,TAK,NIE,TAK,BRAK,api-scopes.ts:3 — 3 zakresy read-only; przyznane w api-tokens-client.tsx:158,LUKA,ŚREDNIA,L,"strona obiecuje „CI/CD, Terraform, skrypty” przy samych GET-ach"
L-09,L,Tokeny API z zakresami uprawnień,TAK,TAK,TAK,NIE,TAK,CZĘŚCIOWE,api-tokens.controller.ts:35,CZĘŚCIOWY,NISKA,S,
L-10,L,Webhooki dla klienta,CZĘŚĆ,TAK,NIE,NIE,CZĘŚĆ,BRAK,—,LUKA,NISKA,M,
L-11,L,Asystent AI w panelu,NIE,NIE,NIE,CZĘŚĆ,TAK,FLAGA,HostingAssistant.tsx:61; ai-provider.service.ts:21 — AI_API_KEY domyślnie pusty,CZĘŚCIOWY,ŚREDNIA,S,"funkcja wygląda na wbudowaną, a bez klucza milczy"
L-12,L,Prognoza zużycia zasobów (AI),NIE,NIE,NIE,NIE,CZĘŚĆ,FLAGA,hosting-forecast-actions.ts:7; fallback ServiceForecastPanel.tsx:97,CZĘŚCIOWY,NISKA,S,
M-01,M,Faktura VAT dostępna w panelu,NIE,NIE,NIE,TAK,TAK,DZIAŁA,"invoices.controller.ts:23,46",PARYTET,—,—,
M-02,M,Numeracja faktur odporna na wyścigi,NIE,NIE,NIE,TAK,TAK,DZIAŁA,invoices.service.ts:245-267 (ON CONFLICT ... seq+1),PARYTET,WYSOKA,—,"poprawnie zrobione, ale ZERO testów przy raw SQL"
M-03,M,Numer nadawany dopiero przy opłaceniu,NIE,NIE,NIE,b.d.,b.d.,DZIAŁA,invoices.service.ts:183-189,PRZEWAGA,—,—,nie „pali” sekwencji
M-04,M,Snapshot danych sprzedawcy i nabywcy (art. 106e),NIE,NIE,NIE,TAK,TAK,DZIAŁA,"invoices.service.ts:292-300,355-374",PARYTET,—,—,
M-05,M,PDF faktury,NIE,NIE,NIE,TAK,TAK,DZIAŁA,invoice-pdf.service.ts (493 l.),PARYTET,—,—,ZERO testów
M-06,M,FAKTURA KORYGUJĄCA,NIE,NIE,NIE,TAK,TAK,DZIAŁA,"korekta-faktury.ts — bladKorygowalnosci/przeliczKorekte/korektaFormalna/kwotaDoZwrotu; korekty.service.ts — wystawianie ze zwrotem w tej samej transakcji; wallet-ledger.service.ts — zapiszWpis(tx, …) wydzielone, jedno miejsce zmieniające saldo; ksef/fa3-xml.builder.ts — RodzajFaktury KOR + DaneFaKorygowanej + PrzyczynaKorekty; invoice-pdf.service.ts — układ korekty (przed/po/różnica); invoices.admin.controller.ts — POST /:id/korekta i GET /:id/korekty; admin-panel/(dashboard)/invoices/[invoiceId]/korekta — formularz; migracja 20260822220000_faktura_korygujaca (seria VFK + 2 ograniczenia CHECK); korekta-faktury.spec.ts (18) + fa3-xml.builder.spec.ts (+7) + test/integration/korekta.int-spec.ts (13) + asercja SQL M-06",PARYTET,—,L,"Zamknięte 2026-08-22. Macierz wskazywała trzy różne braki i wszystkie były prawdziwe: zero wystąpień korekty w kodzie i schemacie, RodzajFaktury=VAT na sztywno w builderze KSeF-a, brak drogi wewnątrz systemu. | DWA RODZAJE: WARTOŚCIOWA zmienia kwoty (zwrot, rezygnacja, rabat) i przy różnicy ujemnej zwraca do portfela; FORMALNA poprawia dane nabywcy, kwoty bez zmian, różnica zero. | W `amount` korekty siedzi RÓŻNICA ZE ZNAKIEM, nie nowa kwota — to ona wchodzi do rejestru VAT i to ona mówi, ile pieniędzy się rusza. Kwota po korekcie odtwarza się z dwóch pól: correctedAmount + amount. Trzymanie w `amount` nowej kwoty wyglądałoby naturalniej i psuło sumowanie rejestru, asercję netto+VAT=brutto oraz oczywistość kierunku pieniędzy. | ZWROT W TEJ SAMEJ TRANSAKCJI co dokument. Wymagało wydzielenia z applyEntry metody zapiszWpis(tx, …) działającej wewnątrz podanej transakcji — nie da się otworzyć transakcji w transakcji, a druga kopia blokowania wiersza byłaby PIĄTYM wystąpieniem wzorca bliźniaczych miejsc. Miejsce zmieniające saldo nadal jedno. | KOREKTA W GÓRĘ NIE RUSZA PORTFELA — dopłata to zobowiązanie klienta, nie automatyczne pobranie; ściąganie pieniędzy przy korekcie zwiększającej byłoby obciążeniem bez zamówienia. | OSOBNA SERIA VFK: InvoiceCounter dostał kolumnę series i klucz (series, year, month). Test sprawdza, że wystawienie korekty nie rusza licznika faktur. | NAJGROŹNIEJSZE ZNALEZISKO: korekta wysłana do KSeF-a z RodzajFaktury=VAT zostałaby przyjęta jako NOWA SPRZEDAŻ, nie jako zmiana poprzedniej — czyli PODWOIŁABY PRZYCHÓD w rejestrze, milcząco, bo dokument jest formalnie poprawny. Teraz KOR + DaneFaKorygowanej + PrzyczynaKorekty, a builder ODMAWIA zbudowania korekty bez numeru pierwotnej albo bez przyczyny. | REGUŁY W BAZIE: dwa ograniczenia CHECK (korekta musi mieć correctedId/correctionKind/correctionReason; correctedId <> id), bo kod można obejść nowym serwisem, a ograniczeń nie. Bez drugiego jeden błąd w serwisie tworzyłby dokument odsyłający do siebie i pętlę przy liczeniu kwoty po korekcie. | ŚWIADOMIE NIE MA: korekty do korekty (dokument odnosiłby się do dokumentu, który sam już coś zmienia — odmowa jest uczciwsza niż dokument, którego nie umiem policzyć) ani anulowania faktury (w polskim prawie faktury w obrocie się nie anuluje, koryguje do zera — a to ten mechanizm już potrafi). | PRZY OKAZJI ZNALEZIONY BŁĄD: formularz faktury ręcznej z Z-01 wołał /admin/billing/invoices/reczna zamiast /admin/invoices/reczna. Kod się kompilował, testy przechodziły, panel się budował — 404 wyszłoby pod palcem operatora. Stąd X-24. | Czerwieni się na starym kodzie: RodzajFaktury na sztywno → 4 z 20 w builderze; zła ścieżka panelu → 1 z 5 w strażniku; korekta bez faktury pierwotnej → CHECK + asercja SQL. | CZEGO NIE ROBI: brak zmiany stawki VAT na korekcie (wszystko 23%), brak osobnego powiadomienia o zwrocie, brak D3 (wymaga produkcji — PB-12). | Weryfikacja: 546 testów jednostkowych, 53 integracyjne, lint 7/7 (0 błędów), typecheck 8/8. Dokumentacja: docs/archiwum/zadania/M-06-faktura-korygujaca.md"
M-07,M,DUPLIKAT FAKTURY,NIE,NIE,NIE,TAK,TAK,BRAK,"brak flagi isDuplicate, brak endpointu",LUKA,ŚREDNIA,M,"Skorygowane: brak flagi potwierdzony, ale przy fakturze ustrukturyzowanej i PDF wystawianym na żądanie duplikat nie blokuje sprzedaży."
M-08,M,Anulowanie faktury (VOID) z panelu,NIE,NIE,NIE,CZĘŚĆ,CZĘŚĆ,DZIAŁA,"billing/anulowanie.service.ts (POST /admin/invoices/:id/anuluj, BILLING_MANAGE); admin: invoices/void-button.tsx; test D2 anulowanie.service.spec.ts",PARYTET,WYSOKA,S,"DECYZJA WŁAŚCICIELA 2026-09-23: anulować wolno tylko dokument nieopłacony (DRAFT/OPEN); opłacony, także z portfela, zmienia się korektą (M-06). Faktura Stripe unieważniana najpierw w Stripe, błąd = brak zmiany lokalnej. Numer zostaje (ciągłość), powód w audycie INVOICE_VOIDED."
M-09,M,Stawki VAT inne niż 23%,NIE,NIE,NIE,TAK,TAK,BRAK,invoices.service.ts:17 — DEFAULT_VAT_RATE = 23 na sztywno,LUKA,WYSOKA,M,"Skorygowane: sztywne 23% dotyczy tylko ścieżki finalizacji (invoices.service.ts:17,296) — model i KSeF obsługują stawki (fa-xml.types.ts:152). Blokerem staje się dopiero przy pierwszym kliencie spoza PL."
M-10,M,Faktury w walucie obcej z przeliczeniem VAT,NIE,NIE,NIE,CZĘŚĆ,TAK,CZĘŚCIOWE,invoice-pdf.service.ts:61 formatuje PLN/EUR/USD; brak kursu i przeliczenia (art. 31a),CZĘŚCIOWY,WYSOKA,M,KSeF odrzuca wszystko poza PLN (fa3-xml.builder.ts:64-66)
M-11,M,KSeF — wysyłka faktury,NIE,NIE,NIE,CZĘŚĆ,NIE,FLAGA,ksef-v2.client.ts:138-165; FA(3) 1-0E; API v2,PRZEWAGA,ŚREDNIA,S,"OSŁABIONE: KSEF_ENABLED default '0', KSEF_ENV default 'test' (platform-settings.keys.ts:136-137). Po włączeniu bez zmiany env faktury idą na środowisko testowe MF. | WYCENA 2026-09-19: krytycznosc i naklad uzupelnione przy wznowieniu. Pozycje przepisane 2026-08-28 w ramach X-49 zostaly bez wyceny, przez co nie liczyly sie do budzetu godzin i nie stały w zadnym sprincie. Podstawa wyceny: Domyslna wartosc flagi plus check w live-readiness, zeby flaga nie wylaczyla wysylki po cichu. Zakres zalezy od PB-13. | 2026-09-22: poza planem startowym — ADR-2026-09-22, wlasny modul KSeF zamrozony (nie skasowany), KSeF realizuje program ksiegowy. Wraca w epiku integracji po API."
M-12,M,KSeF — uwierzytelnianie tokenem,NIE,NIE,NIE,—,—,DZIAŁA,ksef-v2.client.ts:256-379 (challenge → RSA-OAEP → redeem),PARYTET,—,—,ZERO testów na całym kliencie (487 l. kryptografii)
M-13,M,KSeF — szyfrowanie sesji,NIE,NIE,NIE,—,—,DZIAŁA,ksef-v2.client.ts:427-441 (RSA-OAEP + AES-256-CBC),PARYTET,—,—,
M-14,M,KSeF — numer i UPO widoczne dla klienta,NIE,NIE,NIE,TAK,NIE,BRAK,zero wystąpień „ksef” w apps/client-panel,POZA ZAKRESEM,WYSOKA,S,"dhosting pokazuje numer KSeF i QR na fakturze | 2026-09-22: poza planem startowym — ADR-2026-09-22, wlasny modul KSeF zamrozony (nie skasowany), KSeF realizuje program ksiegowy. Wraca w epiku integracji po API. | 2026-09-23 PO STARCIE: decyzja właściciela (PB-13 2026-09-22, potwierdzona 2026-09-23) — faktury VAT wystawia program księgowy Firmino (Streamsoft), który sam obsługuje KSeF; własny moduł KSeF zamrożony, bezpośrednia integracja z KSeF po starcie. Pozycja wraca przy tej integracji."
M-15,M,KSeF — pobranie UPO przez operatora,NIE,NIE,NIE,—,—,ENDPOINT BEZ UI,ksef.admin.controller.ts:38; zero wystąpień UPO w admin-panel,POZA ZAKRESEM,ŚREDNIA,S,"Skorygowane: UPO jest dostępne w portalu MF, więc warunek dokumentu księgowego nie jest naruszony. Brakuje wygody. | 2026-09-22: poza planem startowym — ADR-2026-09-22, wlasny modul KSeF zamrozony (nie skasowany), KSeF realizuje program ksiegowy. Wraca w epiku integracji po API. | 2026-09-23 PO STARCIE: decyzja właściciela (PB-13 2026-09-22, potwierdzona 2026-09-23) — faktury VAT wystawia program księgowy Firmino (Streamsoft), który sam obsługuje KSeF; własny moduł KSeF zamrożony, bezpośrednia integracja z KSeF po starcie. Pozycja wraca przy tej integracji."
M-16,M,KSeF — tryb offline/awaryjny,NIE,NIE,NIE,CZĘŚĆ,NIE,BRAK,KsefStatus.OFFLINE w schema.prisma:1432 nigdy nie ustawiany,POZA ZAKRESEM,WYSOKA,M,"awaria KSeF zostawia fakturę w PENDING, bez kodu QR offline | 2026-09-22 FLAGA BLOKERA ZDJETA WARUNKOWO — ADR-2026-09-22 (faktury w programie ksiegowym). Wlasny modul KSeF zamrozony, obowiazek KSeF realizuje program ksiegowy. Warunek: FAK-01 na produkcji — do tego czasu panel potrafi wystawic fakture VAT poza KSeF. Pozycja schodzi z planu startowego do epiku integracji z programem ksiegowym. | 2026-09-23 PO STARCIE: decyzja właściciela (PB-13 2026-09-22, potwierdzona 2026-09-23) — faktury VAT wystawia program księgowy Firmino (Streamsoft), który sam obsługuje KSeF; własny moduł KSeF zamrożony, bezpośrednia integracja z KSeF po starcie. Pozycja wraca przy tej integracji."
M-17,M,KSeF — walidacja XSD przed wysyłką,NIE,NIE,NIE,—,—,BRAK,fa3-xml.builder.ts składa XML stringowo; komentarz ksef-v2.client.ts:61-62 sam to wskazuje,POZA ZAKRESEM,WYSOKA,S,"smoke na api-test MF nie został wykonany | 2026-09-22 FLAGA BLOKERA ZDJETA WARUNKOWO — ADR-2026-09-22 (faktury w programie ksiegowym). Wlasny modul KSeF zamrozony, obowiazek KSeF realizuje program ksiegowy. Warunek: FAK-01 na produkcji — do tego czasu panel potrafi wystawic fakture VAT poza KSeF. Pozycja schodzi z planu startowego do epiku integracji z programem ksiegowym. | 2026-09-23 PO STARCIE: decyzja właściciela (PB-13 2026-09-22, potwierdzona 2026-09-23) — faktury VAT wystawia program księgowy Firmino (Streamsoft), który sam obsługuje KSeF; własny moduł KSeF zamrożony, bezpośrednia integracja z KSeF po starcie. Pozycja wraca przy tej integracji."
M-18,M,Płatności kartą,NIE,NIE,NIE,TAK,TAK,DZIAŁA,stripe.client.ts:308,PARYTET,—,—,
M-19,M,Płatności BLIK / Przelewy24,NIE,NIE,NIE,TAK,CZĘŚĆ,DZIAŁA,stripe.client.ts:309 (p24),PARYTET,—,—,"przez Stripe, nie bezpośrednio"
M-20,M,Płatności cykliczne / automatyczne odnowienia,NIE,NIE,NIE,TAK,TAK,DZIAŁA,"renewal.scheduler.ts:17-29,45 (idempotencja na subscriptionId+period)",PARYTET,WYSOKA,—,"ZERO testów na ścieżce, która sama wyłącza usługę klientowi"
M-21,M,Portfel / przedpłata,NIE,NIE,NIE,CZĘŚĆ,CZĘŚĆ,DZIAŁA,billing.controller.ts:44; wallet-ledger.service.spec.ts (test D1),PRZEWAGA,—,—,
M-22,M,Auto-doładowanie portfela,NIE,NIE,NIE,NIE,CZĘŚĆ,DZIAŁA,billing.controller.ts:107,PRZEWAGA,—,—,"ZERO testów (wallet-auto-topup.service.ts, 258 l.)"
M-23,M,Kody promocyjne,NIE,NIE,NIE,TAK,TAK,DZIAŁA,promo.service.ts (559 l.); billing.controller.ts:91,PARYTET,ŚREDNIA,—,ZERO testów
M-24,M,Proforma przed odnowieniem,NIE,NIE,NIE,TAK,CZĘŚĆ,CZĘŚCIOWE,"renewal-reminder.scheduler.ts — przypomnienie, nie proforma",CZĘŚCIOWY,ŚREDNIA,S,wszystkie 5 hostingów PL wystawia proformę
M-25,M,Automatyczne zawieszenie za brak płatności,TAK,TAK,TAK,TAK,TAK,DZIAŁA,renewal.scheduler.ts:250-303 (grace 3 dni); subscriptions.service.ts:597-645,PARYTET,WYSOKA,—,ZERO testów
M-26,M,Usunięcie zapisanej karty przez klienta,NIE,NIE,NIE,TAK,TAK,CZĘŚCIOWE,"2026-09-23 D1: DELETE /billing/payment-methods/:id (ParseUUIDPipe) → billing.service deleteMyPaymentMethod: Stripe detach, usunięcie wiersza, zerowanie karty domyślnej i auto-doładowania, audyt PAYMENT_METHOD_REMOVED; UI billing-extras-forms „Zapisane karty”; test usun-karte.spec.ts",CZĘŚCIOWY,WYSOKA,S,"wymóg konsumencki | KOD gotowy i przetestowany na atrapach. UWAGA: nic w API nie zapisuje dziś wierszy PaymentMethod (brak create/upsert) — lista kart jest zawsze pusta, więc usuwanie da się sprawdzić dopiero, gdy zapis kart zostanie podpięty (webhook Stripe po płatności kartą)."
M-27,M,Dodanie karty niezależnie od zakupu,NIE,NIE,NIE,TAK,TAK,BRAK,karta zapisuje się tylko przy okazji Stripe Checkout,LUKA,ŚREDNIA,S,
M-28,M,Eksport historii transakcji do CSV,NIE,NIE,NIE,CZĘŚĆ,CZĘŚĆ,ENDPOINT BEZ UI,billing.controller.ts:70 — zero odwołań w panelu,LUKA,NISKA,S,
M-29,M,Ręczne uznanie portfela klienta przez operatora,NIE,NIE,NIE,—,—,DZIAŁA,billing.admin.controller.ts:35,PARYTET,—,—,
M-30,M,Katalog produktów i cenniki,NIE,NIE,NIE,TAK,TAK,DZIAŁA,"plans.admin.controller.ts:45,51,66",PARYTET,—,—,
M-31,M,Prorata przy zmianie planu,NIE,NIE,NIE,CZĘŚĆ,TAK,DZIAŁA,"plan-proration.util.ts:47; test D1 (7 przypadków, cross-interval)",PRZEWAGA,—,—,jedna z najlepiej pokrytych rzeczy w repo
M-32,M,Kolejka provisioningu z retry,TAK,TAK,TAK,—,—,DZIAŁA,"provisioning-queue.admin.controller.ts:31,58",PARYTET,—,—,
M-33,M,"Dodatki płatne (IP, wsparcie priorytetowe)",TAK,TAK,TAK,TAK,TAK,CZĘŚCIOWE,addon.service.ts:120 — 2 z 3 to workorder do BOK,CZĘŚCIOWY,NISKA,M,
Z-01,M,Faktura VAT dla płatności portfelem,NIE,NIE,NIE,TAK,TAK,DZIAŁA,"wallet-ledger.service.ts:applyEntry — faktura wystawiana w TEJ SAMEJ transakcji co obciążenie; faktura-za-portfel.ts — trybFaktury/rozbicieVat/pozycjeZbiorcze/pozycjeReczne/nadajNumerFaktury; faktury.scheduler.ts — dokańczanie z ponawianiem, alerty, faktury zbiorcze 1. dnia miesiąca; invoices.service.ts — wystawReczna(), dokonczFakture(), numeracja współdzielona; invoices.admin.controller.ts — POST /reczna i POST /:id/dokoncz; admin-panel/(dashboard)/invoices/reczna — formularz; migracja 20260822200000_faktura_za_portfel; faktura-za-portfel.spec.ts (29) + wallet-ledger.service.spec.ts (+3) + test/integration/faktura-portfel.int-spec.ts (14) + asercja SQL Z-01",PARYTET,—,L,"Zamknięte 2026-08-22. TRZYNAŚCIE MIEJSC, NIE CZTERY: macierz wymieniała cztery wywołania debit(), a jest ich trzynaście (domeny, dodatki, autoskalowanie, VPS ×2, monitoring ×2, trial, subskrypcje ×3, odnowienia). To nie zarzut wobec macierzy, tylko dowód, że lista miejsc, w których rusza się pieniądz, rozjeżdża się z rzeczywistością szybciej, niż ktokolwiek ją aktualizuje — tu o 225% w dwa dni. | ROZWIĄZANIE: reguła w JEDNYM miejscu, w księdze portfela, czyli tam, gdzie i tak jako jedyne miejsce zmienia się saldo. Dopisanie wystawiania faktury w trzynastu miejscach byłoby czwartym wystąpieniem wzorca, który wyprodukował już Z-12, Z-16 i błąd w plan-change: dwie kopie tej samej reguły, jedna poprawiona, druga zapomniana. | MODEL: abonament, zmiana planu, domena, VPS, monitoring od 5 zł → faktura od razu; autoskalowanie (zawsze) i drobne zużycie poniżej 5 zł → jedna faktura zbiorcza 1. dnia następnego miesiąca, z pozycjami. Rozdział jest arytmetyczny: autoskalowanie obciąża co blok kilkunastominutowy, więc faktura za każde obciążenie to kilkadziesiąt dokumentów miesięcznie na klienta. | DOŁADOWANIE nie dostaje faktury — to wpłata na poczet usług, VAT powstaje przy świadczeniu. To DECYZJA, nie fakt: do potwierdzenia z księgową, patrz M-34. | ATOMOWOŚĆ: wiersz faktury powstaje w tej samej transakcji co ruch pieniądza; PDF, MinIO, KSeF i mail dowozi scheduler z ponawianiem (lekcja z Z-05). | TEST, KTÓRY ZA PIERWSZYM RAZEM NIC NIE DOWODZIŁ: pierwsza wersja testu atomowości sprawdzała odrzucone obciążenie i przechodziła RÓWNIEŻ wtedy, gdy faktura powstawała poza transakcją — bo skoro obciążenie rzuciło, do wystawiania i tak nie dochodziło. Sprawdzone realnie: przeniosłem wystawianie za transakcję i zestaw został zielony. Test, który przechodzi na obu wersjach kodu, nie mówi nic o żadnej z nich. Właściwy test wywala SAMO wystawianie (podłożony numer kolidujący) i wtedy widać różnicę: w transakcji saldo wraca do 100,00, poza transakcją spada do 55,00 przy braku dokumentu — czyli Z-01 z powrotem. | NUMERACJA: allocateInvoiceNumber przeniesiony do wspólnego modułu, bo numeru potrzebuje też księga portfela. Druga kopia oznaczałaby dwie serie rozjeżdżające się przy pierwszym równoległym wystawieniu (art. 106e ust. 1 pkt 2). Test integracyjny wystawia osiem faktur równolegle i sprawdza ciągłość numerów. | PRZY OKAZJI NAPRAWIONA STARA DZIURA: finalizeAsVerrisInvoice była wołana raz, z .catch(log) — błąd generowania PDF-u kończył się linijką w logu i fakturą bez pliku, także dla faktur ze Stripe'a. Teraz ponawianie 2→10→30→120 min i alert po 3 próbach. Licznik prób rośnie PRZED wywołaniem, bo rosnąc po błędzie nie rósłby przy awarii ubijającej proces i alert nigdy by nie padł. | FAKTURA RĘCZNA: POST /admin/billing/invoices/reczna + formularz. Kwoty brutto (jak w cenniku), powód wystawienia wymagany i trafia do audytu, nie na fakturę. Zakres: dokument opłacony; faktura z terminem płatności to inna funkcja i celowo jej nie ma. | ARYTMETYKA: VAT jest RESZTĄ po odjęciu netto od brutto, nie osobnym zaokrągleniem — liczony niezależnie potrafi dać sumę różniącą się o grosz, a faktura, która się nie sumuje, jest wadliwa. Niezmiennik sprawdzany na 28 572 kwotach, nie na trzech przykładach; kod produkcyjny faktury zbiorczej RZUCA, gdy pozycje nie sumują się do kwoty. | Czerwieni się na starym kodzie w trzech wariantach: bez wystawiania w księdze 6 z 14, przy wystawianiu poza transakcją 1 z 14, przy niespójnym netto+VAT — asercja SQL. | CZEGO NIE ROBI: brak korekt (M-06), brak faktury z terminem płatności, brak podglądu zbiorczej przed wystawieniem, brak D3 (wymaga produkcji — dopisane do PB-12). | Weryfikacja: 516 testów jednostkowych, 40 integracyjnych, lint 7/7 (0 błędów), typecheck 8/8. Dokumentacja: docs/archiwum/zadania/Z-01-faktura-za-platnosc-portfelem.md"
Z-02,M,Blokada zamówienia usługi bez opłaty przez klienta,TAK,TAK,TAK,TAK,TAK,DZIAŁA,dto/subscription.dto.ts — @IsIn(CLIENT_PAYMENT_SOURCES); subscriptions.service.ts — ForbiddenException dla MANUAL bez allowManual; test subscriptions.create-guard.spec.ts,PARYTET,—,S,"Zamknięte 2026-08-21 (commit fcf58db). Dwie warstwy: walidacja DTO i twardy warunek w serwisie. Osiem przypadków testowych, sprawdzone też w drugą stronę — na starym kodzie test świeci na czerwono. Dodatkowo @RateLimit 10/h na POST /subscriptions. D2 potwierdzone w CI #18 (2026-08-21): 194 testy zielone, w tym 8 przypadków tego zadania. Dokumentacja: docs/archiwum/zadania/Z-02-blokada-zamowienia-uslugi-bez-oplaty.md"
Z-05,M,Odporność webhooka płatności na błąd w trakcie obsługi,NIE,NIE,NIE,TAK,TAK,DZIAŁA,"billing.service.ts — zajmijZdarzenie/zakonczZdarzenie/oznaczNieudane/przetworzPonownie; libs/database/prisma/schema.prisma — StripeWebhookEventStatus + payload/attempts/claimedAt/nextAttemptAt; migracja 20260822180000_odpornosc_webhooka; stripe-webhook-ponowienia.scheduler.ts — ponowienia, alerty, retencja; stripe-webhook-events.admin.controller.ts + admin-panel/billing/webhooki — lista i „Ponów""; ops/scripts/uzgodnij-platnosci-stripe.mjs; webhook-ewidencja.spec.ts (27) + test/integration/webhook-odpornosc.int-spec.ts (11)",PARYTET,—,M,"Zamknięte 2026-08-22. MECHANIZM BŁĘDU: wiersz stripeWebhookEvent powstawał PRZED handlerem i NIE MIAŁ STANU — jego istnienie znaczyło „widziałem"", a kod czytał je jako „obsłużyłem"", bo ponowna dostawa trafiała w unikalny indeks i dostawała {duplicate:true} + 200. Handler, który rzucił wyjątkiem (timeout bazy, niedostępny MinIO), zostawiał wiersz na miejscu: Stripe ponawiał, dostawał 200, uznawał zdarzenie za doręczone i kończył. Klient zapłacił, saldo się nie pojawiło, system uważał zdarzenie za obsłużone. Awaria CICHA i JEDNOKIERUNKOWA — żadna z tych rzeczy nie jest błędem z osobna, więc nic nie krzyczało. | ROZWIĄZANIE: wiersz dostaje stan (PENDING → PROCESSED albo → FAILED → ponowienie). PENDING znaczy „zajęte, w trakcie"", nie „obsłużone""; dopiero PROCESSED odrzuca ponowienia. | CZTERY DECYZJE: (1) handler, który padł, propaguje wyjątek — endpoint zwraca 5xx i Stripe ponawia; odpowiedź 200 z zapisanym błędem byłaby wygodniejsza w logach i stworzyłaby ten sam błąd od nowa. (2) Dostawa trafiająca na zdarzenie właśnie obsługiwane dostaje 409, nie „duplikat"" — tamta dostawa może paść. (3) DZIERŻAWA: proces ubity między zajęciem a zakończeniem zostawia PENDING, którego nikt by nie ruszył — ta sama pułapka co przed Z-05 pod inną nazwą; PENDING starszy niż 5 min wolno przejąć. (4) Treść zdarzenia zapisujemy u siebie, bo pobieranie ze Stripe'a przy ponowieniu wymaga żywego Stripe'a, a Stripe leżący to dokładnie ta sytuacja, w której webhooki padają; retencja czyści treść 90 dni po przetworzeniu, id i status zostają na zawsze. | Ponowienia automatyczne 1→5→15→60 min. Alert do adminów po 3 próbach ALBO 15 minutach — dwa progi, bo handler wywalający się natychmiast daje dużo prób w krótkim czasie, a wiszący na timeoucie mało prób przy upływającym czasie; jeden próg przespałby drugi kształt awarii. | PANEL: lista zaciętych zdarzeń i przycisk „Ponów"" (macierz opisała stan sprzed zmiany jako „odzysk wyłącznie ręcznie w bazie""). | CZEGO MIGRACJA NIE ROBI: oznacza wiersze historyczne jako PROCESSED, i to jest ZAŁOŻENIE, nie ustalenie — stary wiersz nie miał ani treści, ani id sesji, więc nie ma jak skorelować go z transakcją portfela. Odpowiedź na przeszłość to ops/scripts/uzgodnij-platnosci-stripe.mjs: pyta Stripe'a o opłacone sesje i sprawdza, czy dla każdej istnieje transakcja z kluczem stripe:checkout:<id>. Świadomie NIE księguje automatycznie — ruch pieniędzy na podstawie skryptu z konsoli powinien mieć po drugiej stronie człowieka i wpis w audycie. Kontrola miesięczna, nie narzędzie awaryjne. | Czerwieni się na starym kodzie: przywrócenie semantyki „istnienie wiersza == obsłużone"" daje 3 czerwone z 11 integracyjnych, w tym „PONOWIENIE PO AWARII KSIĘGUJE PORTFEL"". | Strażnik po raz PIĄTY trafił nie w to, co trzeba — endsWith('billing.service.ts') łapało autoscaling/autoscaling-billing.service.ts. Po „jest"" (X-17), archiver.create (X-21) i --audit-level (X-23) reguła rośnie: strażnik czytający repozytorium dopasowuje DOKŁADNIE — ścieżkę, nie sufiks; kod, nie prozę. | CZEGO NIE ROBI: ponowienie może wysłać drugi mail (księgowanie idempotentne, wysyłka nie — dwa maile tańsze niż nieksięgowana wpłata); nie obejmuje webhooków DirectAdmina i KSeF-a; brak D3, bo wymaga produkcji — dopisane do PB-12. Zgodnie z regułą „pieniądze wymagają D3"" pozycja jest domknięta jako BLOKER, nie jako dowód produkcyjny. | Weryfikacja: 484 testy jednostkowe, 26 integracyjnych, lint 7/7 (0 błędów), typecheck 8/8, asercja SQL po migracji. Dokumentacja: docs/archiwum/zadania/Z-05-odpornosc-webhooka-platnosci.md"
Z-06,M,Klucz idempotencji obciążenia za dodatek,NIE,NIE,NIE,TAK,TAK,DZIAŁA,addon.service.ts — kluczIdempotencji + sprawdzenie duplikatu przed obciążeniem + obsługa P2002; schema.prisma — PurchasedAddon.idempotencyKey @unique; migracja 20260821220000_addon_idempotency,PARYTET,—,S,"Zamknięte 2026-08-21. Mechanizm idempotencji w księdze portfela był poprawny — nie miał czego porównywać, bo Date.now() w kluczu dawał inny klucz przy każdym kliknięciu. Poprawka na dwóch drogach: klucz od klienta (panel, useRef, jeden na decyzję zakupu) i okno czasu jako zapas. Sprawdzenie duplikatu idzie PRZED obciążeniem, więc nie powtarzają się też skutki uboczne — bez tego klient dostawałby dziesięć zgłoszeń do BOK-u przy jednym obciążeniu. Wyścig domyka unikalny indeks w bazie. 20 testów, 10 czerwieniło się na starym kodzie. D3 wymagane po wdrożeniu, bo pozycja dotyczy pieniędzy. Dokumentacja: docs/archiwum/zadania/Z-06-klucz-idempotencji-dodatku.md"
Z-07,M,Ponowienie płatności portfelem w okresie karencji,NIE,NIE,NIE,TAK,TAK,BRAK,renewal.scheduler.ts:74-78 wybiera wyłącznie status ACTIVE — subskrypcja w PAST_DUE (:236-241) nie jest ponawiana; getPaymentRetryUrl (subscriptions.service.ts:1509-1516) odrzuca wszystko poza STRIPE_CARD,LUKA,WYSOKA,M,"Klient płacący portfelem doładowuje saldo w karencji i i tak zostaje zawieszony po 3 dniach. Obejście operatorskie istnieje (subscriptions.admin.controller.ts:210 z chargeRenewal), ale wymaga ręcznej reakcji."
Z-08,M,Przegląd istniejących subskrypcji MANUAL założonych przez klientów,—,—,—,—,—,BRAK,brak jakiegokolwiek zapytania/raportu; luka Z-02 była otwarta do 2026-08-21,LUKA,ŚREDNIA,S,"Odkryte przy zamykaniu Z-02. Poprawka blokuje nowe nadużycia, ale nie mówi, czy ktoś zdążył skorzystać. Jednorazowe zapytanie: subskrypcje z paymentSource=MANUAL, data utworzenia, właściciel, czy jest faktura. Nie funkcja produktu — pozycja znika po wykonaniu i udokumentowaniu wyniku."
Z-09,G,"Ograniczenie hostów, do których łączy się worker migracji (SSRF z węzła)",—,—,—,—,—,BRAK,node-migration-worker.sh — host źródła pochodzi z formularza i nie jest niczym ograniczony,LUKA,ŚREDNIA,M,"Odkryte przy zamykaniu Z-03. Walidacja znaków nie mówi nic o tym, DOKĄD worker się łączy. Klient może podać 127.0.0.1 albo adres z sieci wewnętrznej węzła i użyć workera jako sondy. Do zrobienia: odrzucanie adresów prywatnych i loopbacka po rozwiązaniu nazwy, z uwzględnieniem rebindingu DNS (sprawdzenie przy każdym połączeniu, nie tylko przy walidacji formularza)."
Z-10,O,Izolacja rekordów między kontami klientów + dziennik odmów subkont,TAK,TAK,CZĘŚĆ,CZĘŚĆ,TAK,b.d.,brak systematycznego przeglądu; każdy serwis sprawdza właściciela zasobu po swojemu,LUKA,WYSOKA,L,"Odkryte przy zamykaniu Z-04. Strażnik uprawnień odpowiada na pytanie „czy subkonto może wykonać ten RODZAJ operacji"", nie „czy ten konkretny rekord należy do właściciela sesji"". To drugie robi każdy serwis po swojemu i nikt tego nie przejrzał całościowo. Przy okazji: odmowa dla subkonta nie trafia do dziennika audytu, a jest sygnałem operacyjnym w obie strony (próba nadużycia albo za ostra klasyfikacja trasy)."
Z-11,M,Przegląd wszystkich kluczy idempotencji pod kątem poprawności,—,—,—,—,—,b.d.,brak przeglądu; sprawdzone tylko wystąpienia Date.now() w kluczach,LUKA,ŚREDNIA,M,"Odkryte przy zamykaniu Z-06. Sprawdziłem, że Date.now() w kluczu idempotencji występował tylko w jednym miejscu — ale to sprawdzenie odpowiada wyłącznie na pytanie „czy klucz jest zmienny"", nie na pytanie „czy klucz identyfikuje właściwą operację"". Klucz może być stabilny i jednocześnie zły: za szeroki (blokuje legalne powtórzenie) albo za wąski (nie łapie duplikatu). Do przejścia po wszystkich wywołaniach wallet.debit/credit i handlerach webhooków."
N-01,N,System zgłoszeń dla klienta,NIE,NIE,TAK,TAK,TAK,DZIAŁA,"tickets.controller.ts:92,98",PARYTET,—,—,
N-02,N,Załączniki w zgłoszeniu,NIE,NIE,CZĘŚĆ,TAK,TAK,DZIAŁA,"tickets.controller.ts:98,245",PARYTET,—,—,
N-03,N,Ocena obsługi (CSAT),NIE,NIE,NIE,CZĘŚĆ,CZĘŚĆ,DZIAŁA,tickets.controller.ts:279,PRZEWAGA,—,—,
N-04,N,Baza wiedzy po polsku,NIE,NIE,NIE,TAK,TAK,DZIAŁA,kb.public.controller.ts:226,PARYTET,—,—,
N-05,N,Podpowiedzi artykułów przy zgłoszeniu,NIE,NIE,NIE,NIE,CZĘŚĆ,FLAGA,ai.controller.ts:53 — AI_API_KEY,CZĘŚCIOWY,NISKA,S,
N-06,N,Publiczna strona statusu usług,NIE,NIE,NIE,CZĘŚĆ,TAK,DZIAŁA,probes-admin.controller.ts:33; apps/status-page,PRZEWAGA,—,—,tylko cyber_Folks i dhosting mają na rynku PL
N-07,N,Ręczne tworzenie incydentu na status page,NIE,NIE,NIE,CZĘŚĆ,TAK,DZIAŁA,2026-09-23 D2: admin-panel status/incidents/incident-compose.tsx → POST /admin/product-ops/incidents; przycisk „Rozwiąż” (PATCH incidents/:id status=RESOLVED); probe-ingest.service.ts isManualIncident; test status/incydent-reczny.spec.ts,PARYTET,WYSOKA,S,"w kryzysie nie ma jak zakomunikować awarii | ZNALEZISKO: incydent ogłoszony ręcznie zamykał się sam przy pierwszej udanej próbie monitora (w ciągu minut), więc komunikat o awarii, której monitor nie widzi, znikał ze status page. Teraz zamyka go tylko operator; zamknięcie wysyła webhook INCIDENT_RESOLVED i trafia do audytu."
N-08,N,Edycja i zamknięcie incydentu,NIE,NIE,NIE,CZĘŚĆ,TAK,DZIAŁA,"status/actions.ts:158,177",PARYTET,—,—,
N-09,N,Powiadomienia w panelu (dzwonek),NIE,CZĘŚĆ,NIE,CZĘŚĆ,TAK,DZIAŁA,"notifications.controller.ts:12,20,26",PARYTET,—,—,
N-10,N,Preferencje powiadomień e-mail,NIE,CZĘŚĆ,NIE,CZĘŚĆ,TAK,CZĘŚCIOWE,notifications-tab.tsx:70 — sekcja „Zawsze włączone” to statyczny tekst bez backendu,CZĘŚCIOWY,ŚREDNIA,S,sterowalne są tylko zgody marketingowe
N-11,N,Ogłoszenia i okna serwisowe,CZĘŚĆ,TAK,CZĘŚĆ,CZĘŚĆ,CZĘŚĆ,DZIAŁA,"admin: Product Ops → Ogłoszenia dla klientów / Prace serwisowe (product-ops/notices.tsx, PATCH announcements/:id i maintenance-windows/:id); klient: baner w panelu (dashboard/notices-banner.tsx ← GET /me/status/notices); status.verris.pl: sekcja „Prace serwisowe” (PublicStatusDto.maintenance); test D2 status/ogloszenia-okna.spec.ts",PARYTET,WYSOKA,M,"cały panel Product Ops/NOC jest read-only | 2026-09-23: ogłoszenia i okna serwisowe wcześniej nie docierały do klienta nigdzie (funkcja widmo). Teraz: tworzenie, publikacja/zdjęcie, start/koniec/odwołanie okna z audytem i webhookiem MAINTENANCE_UPDATED; klient widzi okna swoich węzłów lub całej platformy od 14 dni przed startem (nie da się ich schować), ogłoszenia 30 dni (może schować u siebie). D3 przy pierwszym oknie na węźle."
N-12,N,Feature flagi z panelu operatora,NIE,CZĘŚĆ,NIE,—,—,ENDPOINT BEZ UI,product-ops.admin.controller.ts:342,LUKA,ŚREDNIA,S,
N-13,N,KOLEJKA OBSŁUGI NADUŻYĆ (ABUSE),TAK,TAK,CZĘŚĆ,TAK,TAK,BRAK,"brak modułu, encji i trasy; jest tylko outbound-abuse.guard.ts:7-18 bez UI",LUKA,WYSOKA,L,"Skorygowane: powierzchnia abuse częściowo istnieje — outbound-cordon.admin.controller.ts:25,31, uprawnienie ABUSE_MANAGE (staff-permissions.catalog.ts:21), zarezerwowany adres abuse@, throttling na węźle. Brakuje kolejki i procesu, nie możliwości zatrzymania szkody."
N-14,N,Cordon wysyłki poczty (auto-blokada spamu),CZĘŚĆ,TAK,CZĘŚĆ,—,—,DZIAŁA,"2026-09-23: admin-panel /deliverability (Blokady wysyłki poczty, link w menu) → GET/POST /admin/deliverability/cordons; lista z e-mailem i nazwą klienta",PARYTET,WYSOKA,S,"mechanizm działa, operator nie może go zobaczyć ani zdjąć | Operator widzi kogo i dlaczego zablokowano oraz zdejmuje blokadę (ADMIN, z potwierdzeniem, audyt po stronie API)."
N-15,N,Migracja z innego hostingu wykonywana przez dostawcę,NIE,NIE,NIE,TAK,CZĘŚĆ,DZIAŁA,cockpit migracji + kreator klienta,PRZEWAGA,—,—,4 z 5 hostingów PL robi ręcznie; u nas to produkt
N-16,N,SLA z zapisanymi kredytami,NIE,NIE,NIE,CZĘŚĆ,NIE,FLAGA,"sla-credit.scheduler.ts — wylicz() (progi §15, miesiąc kalendarzowy, okna konserwacyjne, 1 wypłata/usługę/miesiąc) + run() za flagą; GET /admin/sla/podglad + admin Ustawienia platformy → Podgląd kredytów SLA; live-readiness sla_credits (fail, gdy wyłączone); testy D2 sla-credit.scheduler.spec.ts + sla-credit.wylicz.spec.ts",CZĘŚCIOWY,WYSOKA,S,"OSŁABIONE: funkcja jest domyślnie martwa, a live-readiness nie ma checka SLA — flaga może zostać wyłączona bez żadnego sygnału. Regulamin obiecuje kredyty, kod ich nie nalicza. | 2026-09-23: kod liczył już według progów §15 (przepisany wcześniej), brakowało sygnału i podglądu. Dodane: podgląd bez zapisu na prawdziwych danych sond (do obejrzenia przed włączeniem) i blokujący check live-readiness — regulamin 1.1.0+ obiecuje rekompensatę automatyczną, więc wyłączona flaga nie może przejść niezauważona. Zostaje: obejrzeć podgląd na danych z działającego węzła i włączyć sla.creditsEnabled (sprint 18)."
N-17,N,Szablony odpowiedzi obsługi,NIE,NIE,CZĘŚĆ,—,—,DZIAŁA,settings/canned-responses/actions.ts:23,PARYTET,—,—,
N-18,N,CRM klienta 360 dla obsługi,NIE,NIE,NIE,—,—,DZIAŁA,"crm-profile-data.ts; users.admin.controller.ts:109,120",PRZEWAGA,—,—,
N-19,N,Sugestia AI odpowiedzi na zgłoszenie,NIE,NIE,NIE,NIE,CZĘŚĆ,DZIAŁA,ai-chat.service.ts (223 l.),PRZEWAGA,—,—,"OSŁABIONE: wynik renderowany jako surowy JSON.stringify w <pre> (ticket-detail-panel.tsx:346-349), bez możliwości wstawienia do odpowiedzi."
N-20,N,Link ze zgłoszenia do szczegółu (admin),—,—,—,—,—,ATRAPA,tickets/page.tsx:24 → /tickets/${id}; trasa nie istnieje w admin-panel,LUKA,ŚREDNIA,S,
N-21,N,Wsparcie telefoniczne,NIE,NIE,NIE,TAK,CZĘŚĆ,BRAK,poza produktem,LUKA,ŚREDNIA,S,"home.pl i nazwa.pl mają telefon 24/7 — decyzja operacyjna, nie produktowa | WYCENA 2026-09-19: krytycznosc i naklad uzupelnione przy wznowieniu. Pozycje przepisane 2026-08-28 w ramach X-49 zostaly bez wyceny, przez co nie liczyly sie do budzetu godzin i nie stały w zadnym sprincie. Podstawa wyceny: Wsparcie telefoniczne to decyzja operacyjna i numer, nie kod. Wycena obejmuje uruchomienie i opis w SLA."
O-01,O,Subkonta z uprawnieniami (IAM),TAK,TAK,CZĘŚĆ,CZĘŚĆ,TAK,DZIAŁA,"customer-iam.controller.ts:42,53,63,69",PRZEWAGA,—,—,tylko home.pl ma coś podobnego na rynku PL
O-02,O,Aktywacja subkonta z zaproszenia,TAK,TAK,CZĘŚĆ,CZĘŚĆ,TAK,DZIAŁA,customer-iam.controller.ts:47,PARYTET,—,—,
O-03,O,Dziennik audytu działań subkont,CZĘŚĆ,TAK,NIE,NIE,CZĘŚĆ,CZĘŚCIOWE,customer-iam.controller.ts:36,CZĘŚCIOWY,ŚREDNIA,M,"OSŁABIONE: customer-iam.service.ts:72-88 filtruje action startsWith CUSTOMER_IAM_ — istnieje 5 takich akcji. To dziennik zarządzania subkontami, nie ich działań."
O-04,O,Egzekwowanie uprawnień w nawigacji i API,TAK,TAK,CZĘŚĆ,—,—,DZIAŁA,middleware.ts:39; customer-permissions.guard.ts:9; test D1,PARYTET,—,—,
O-05,O,Reseller — przegląd klientów,TAK,TAK,TAK,CZĘŚĆ,CZĘŚĆ,CZĘŚCIOWE,"reseller.controller.ts:12,17 — 2 GET-y, zero mutacji",CZĘŚCIOWY,ŚREDNIA,L,
O-06,O,Reseller — zakładanie kont klientom,TAK,TAK,TAK,CZĘŚĆ,CZĘŚĆ,BRAK,—,LUKA,ŚREDNIA,L,bez tego reseller nie jest produktem
O-07,O,Reseller — ustawianie własnej marży,TAK,TAK,TAK,CZĘŚĆ,CZĘŚĆ,CZĘŚCIOWE,"reseller.admin.controller.ts:44,50 — tylko operator, nie reseller",CZĘŚCIOWY,NISKA,M,
O-08,O,Reseller — samodzielne włączenie programu,CZĘŚĆ,CZĘŚĆ,CZĘŚĆ,CZĘŚĆ,CZĘŚĆ,ATRAPA,reseller-client.tsx:49 — jedyna akcja to „Napisz do nas”,LUKA,NISKA,M,strona sprzedażowa bez operacji zapisu
O-09,O,White-label / własna marka resellera,TAK,TAK,TAK,CZĘŚĆ,CZĘŚĆ,CZĘŚCIOWE,reseller.admin.controller.ts:44 (brand po stronie operatora),CZĘŚCIOWY,NISKA,L,seohost to reklamuje jako wyróżnik
O-10,O,Role i uprawnienia operatorów,TAK,TAK,TAK,—,—,DZIAŁA,"staff-roles.admin.controller.ts:31,36,41",PARYTET,—,—,
O-11,O,Zarządzanie operatorami,TAK,TAK,TAK,—,—,DZIAŁA,"staff-roles.admin.controller.ts:51,56,61",PARYTET,—,—,
O-12,O,Program partnerski / afiliacyjny,NIE,NIE,NIE,CZĘŚĆ,TAK,DZIAŁA,"partners.controller.ts:18,28,34",PARYTET,—,—,wypłata na portfel lub IBAN
Z-04,O,Guard uprawnień subkont — domyślna odmowa,TAK,TAK,CZĘŚĆ,CZĘŚĆ,TAK,DZIAŁA,"customer-permissions.guard.ts — typ WymogTrasy, REGULY_TRAS, domyślne 'ODMOWA'; customer-permissions-coverage.spec.ts — 55 tras zamkniętych, lista jawna",PARYTET,—,S,"Zamknięte 2026-08-21. Przemiatanie tras pokazało większą skalę niż pierwotny opis: 148 z 347 tras dostępnych dla konta klienckiego nie wymagało żadnego uprawnienia, w tym POST /me/account-deletion (usunięcie konta właściciela), POST /partners/me/payouts/bank (wypłata prowizji na konto bankowe) i POST /users/iam/invites. Domyślna odpowiedź odwrócona na odmowę; rzeczy właściciela zamknięte twardo, niezależnie od nadanych uprawnień. Testy na zachowaniu strażnika, nie na metadanych — 15 z 28 czerwieniło się na starej wersji. Dokumentacja: docs/archiwum/zadania/Z-04-guard-uprawnien-subkont.md"
P-01,P,Eksport danych osobowych (art. 20),NIE,CZĘŚĆ,NIE,CZĘŚĆ,CZĘŚĆ,DZIAŁA,"data-export.service.ts:43-76 (ZIP, 12 sekcji, 13 tabel, TTL 7 dni)",PRZEWAGA,—,—,ZERO testów
P-02,P,Żądanie usunięcia konta (art. 17),NIE,CZĘŚĆ,NIE,CZĘŚĆ,CZĘŚĆ,DZIAŁA,"account-deletion.service.ts:29,308,383-432",PRZEWAGA,WYSOKA,—,ZERO testów na operacji NIEODWRACALNEJ (twarde kasowanie konta DA)
P-03,P,Wycofanie żądania usunięcia,NIE,NIE,NIE,b.d.,b.d.,DZIAŁA,account-deletion.controller.ts:62,PRZEWAGA,—,—,karencja 14 dni
P-04,P,Historia zgód klienta,NIE,CZĘŚĆ,NIE,CZĘŚĆ,CZĘŚĆ,DZIAŁA,consents.controller.ts:70,PARYTET,—,—,
P-05,P,Ponowna akceptacja przy zmianie regulaminu,NIE,NIE,NIE,CZĘŚĆ,CZĘŚĆ,DZIAŁA,reconsent-modal.tsx:169; consents.controller.ts:76,PRZEWAGA,—,—,
P-06,P,Umowa powierzenia (DPA) do pobrania,NIE,CZĘŚĆ,NIE,CZĘŚĆ,CZĘŚĆ,DZIAŁA,dpa.controller.ts:23; dpa-pdf.service.ts,PRZEWAGA,—,—,
P-07,P,Dokumenty prawne z historią wersji,NIE,NIE,NIE,CZĘŚĆ,CZĘŚĆ,DZIAŁA,"legal-documents.controller.ts:36,49",PRZEWAGA,—,—,brakujący dokument → „Dokument w przygotowaniu”
P-08,P,Retencja i anonimizacja logów,NIE,CZĘŚĆ,NIE,b.d.,b.d.,DZIAŁA,"retention.scheduler.ts:29,30,87,95",PRZEWAGA,—,—,ZERO testów
P-09,P,Zgody marketingowe (opt-in/out),NIE,NIE,NIE,TAK,TAK,DZIAŁA,consents.controller.ts:99,PARYTET,—,—,
P-10,P,Baner zgody na cookies,NIE,NIE,NIE,TAK,TAK,DZIAŁA,cookie-consent.tsx,PARYTET,—,—,
P-11,P,Rejestr czynności przetwarzania (art. 30),NIE,NIE,NIE,b.d.,b.d.,BRAK,"docs/legal/rcpd.md — sekcje A (administrator), B (procesor, art. 30 ust. 2), C (art. 32), D (przeglądy)",LUKA,ŚREDNIA,M,KOREKTA DOWODU: wcześniejszy zapis „brak encji i widoku” był mylący. Art. 30 wymaga formy pisemnej lub elektronicznej — dokument ją spełnia. Do pilnowania zostaje dyscyplina przeglądów i dat.
P-12,P,Dostępność panelu wg WCAG 2.1 AA (EAA),NIE,CZĘŚĆ,NIE,b.d.,b.d.,BRAK,"docs/legal/EAA_AUDYT_DOSTEPNOSCI_2026-07-07.md — audyt wykonany, skip-link i focus-visible naprawione w commicie z 2026-07-07",LUKA,ŚREDNIA,L,KOREKTA DOWODU: wcześniejszy zapis „brak audytu w repo” był FAŁSZYWY. Audyt istnieje. Dokument powołuje się na zwolnienie mikroprzedsiębiorcy (art. 4 ust. 2 ustawy z 26.04.2024) — warto potwierdzić z prawnikiem i pilnować progów 10 osób / 2 mln EUR.
P-13,P,Deklaracja lokalizacji danych,NIE,NIE,NIE,TAK,CZĘŚĆ,b.d.,poza kodem,CZĘŚCIOWY,ŚREDNIA,S,wszystkie 5 hostingów PL to eksponuje
P-14,P,Certyfikacja ISO 27001,NIE,NIE,NIE,CZĘŚĆ,CZĘŚĆ,BRAK,—,LUKA,NISKA,L,home.pl i nazwa.pl mają — element przetargowy w B2B
P-15,P,Podpisane DPA z subprocesorami,—,—,—,—,—,BRAK,"docs/legal/dpa-subprocessors-tracking.md — tabela statusow po korekcie 2026-09-19. Stripe i AWS: DPA obowiazuje z mocy umowy glownej. Hetzner i Openprovider: akceptacja w panelu, jeszcze nie wykonana. Cloudflare: mechanizm do potwierdzenia.",LUKA,BLOKER STARTU,S,"POTWIERDZONE jako bloker, dowód poprawiony: tracker istnieje (wcześniejszy zapis „brak w repo” był fałszywy), ale ani jedno DPA nie jest podpisane — Stripe, dostawca VPS, dostawca backupu off-site, OpenProvider. Bez tego DPA podpisywane z klientem jest niekompletne. | KOREKTA 2026-09-19: naklad M (16 h) -> S (6 h) i pozycja w calosci w sprincie 4. Zalozenie ""zalezy od tempa dostawcow, nie od nas"" bylo NIEPRAWDZIWE i kosztowalo cztery tygodnie w planie: P-15 bylo rozbite na sprinty 4 i 10, przez co domkniecie blokerow stalo na 2026-11-02. Sprawdzone u zrodla: u zadnego z pieciu dostawcow nie trzeba nikogo prosic — trzy DPA obowiazuja z mocy umowy glownej (Stripe, AWS, warunkowo Cloudflare), dwa akceptuje sie kliknieciem w panelu (Hetzner accounts.hetzner.com/account/dpa, Openprovider control panel). Jedyna praca wlasna to Zalacznik 1 do DPA Hetznera: kategorie danych i krag osob, w tym UZYTKOWNICY KONCOWI SERWISOW KLIENTOW — najlatwiejsza do pominiecia i najwieksza grupa. Rownolegle poprawiona lista subprocesorow, ktora byla nieaktualna od 2026-07-07: wymieniala ""dostawca VPS (OVH/Hetzner)"" i ""dostawca backupu"" jako nierozstrzygniete oraz reCAPTCHA zamiast Turnstile. | 2026-09-23: dopisany Streamsoft Firmino (program księgowy, akceptacja w Ustawienia → RODO → Umowa powierzenia); OpenAI poza listą — AI wyłączone na start; ClouDNS przy zakupie w sprincie 18. | 2026-09-23: właściciel potwierdził akceptację umów powierzenia i uruchomienie skrzynek; dowody (numery umów / zrzuty z paneli) do dopisania w trackerze przy weryfikacji przed startem."
Q-01,Q,Program eko / punkty za oszczędność,NIE,NIE,NIE,NIE,NIE,FLAGA,"users.controller.ts:58,91; FEATURE_ECO domyślnie true",PRZEWAGA,NISKA,S,"nikt na rynku PL | WYCENA 2026-09-19: krytycznosc i naklad uzupelnione przy wznowieniu. Pozycje przepisane 2026-08-28 w ramach X-49 zostaly bez wyceny, przez co nie liczyly sie do budzetu godzin i nie stały w zadnym sprincie. Podstawa wyceny: Program eko za flaga — roadmapa po starcie."
Q-02,Q,Raport energetyczny usługi,NIE,NIE,NIE,NIE,NIE,CZĘŚCIOWE,eco-report.service.ts:9 — jawnie deklarowany jako szacunek,PRZEWAGA,NISKA,M,"metodologia opisana — uczciwe podejście | WYCENA 2026-09-19: krytycznosc i naklad uzupelnione przy wznowieniu. Pozycje przepisane 2026-08-28 w ramach X-49 zostaly bez wyceny, przez co nie liczyly sie do budzetu godzin i nie stały w zadnym sprincie. Podstawa wyceny: Raport energetyczny uslugi — roadmapa po starcie."
Q-03,Q,"Badge na stronie klienta: pieczęć zaufania, dostępność na żywo, polecenie z prowizją, EKO",NIE,NIE,NIE,NIE,NIE,DZIAŁA,"badges/public-badges.controller.ts; badges/badge-logic.ts; test D2 (badge-logic.spec, public-badges.controller.spec)",PRZEWAGA,—,—,"Przebudowa 2026-09-23 (PB-22): ramki iframe z sandboxem + loader v1.js, bez ciasteczek; pieczęć tylko na domenie usługi i tylko gdy SSL/monitor/dostępność ≥99,5%. Stare /public/eco zostaje dla zgodności. D3 po deployu."
Q-04,Q,Tryb eko usługi,NIE,NIE,NIE,NIE,NIE,DZIAŁA,subscriptions.controller.ts:73,PRZEWAGA,—,—,wpływa m.in. na politykę backupów
Q-05,Q,E-mail marketing wbudowany w panel,NIE,NIE,NIE,CZĘŚĆ,NIE,DZIAŁA,"email-marketing.controller.ts:36,81,119,139",PRZEWAGA,—,—,double opt-in + cordon antyspamowy
Q-06,Q,VPS / cloud w tym samym panelu,NIE,NIE,NIE,TAK,TAK,FLAGA,"vps.controller.ts:53,59,69; HETZNER_API_TOKEN",CZĘŚCIOWY,ŚREDNIA,M,bez tokenu menu prowadzi do pustego stanu
Q-07,Q,VPS — konsola / VNC,NIE,NIE,NIE,CZĘŚĆ,CZĘŚĆ,BRAK,—,LUKA,NISKA,M,
Q-08,Q,VPS — snapshoty i rebuild,NIE,NIE,NIE,CZĘŚĆ,TAK,BRAK,—,LUKA,NISKA,M,
Q-09,Q,Panel responsywny na telefonie,CZĘŚĆ,TAK,CZĘŚĆ,CZĘŚĆ,TAK,b.d.,brak audytu w repo,CZĘŚCIOWY,WYSOKA,M,twardy wymóg zapisany w decyzji brandingowej DA
Q-10,Q,Natywna aplikacja mobilna,NIE,NIE,NIE,CZĘŚĆ,CZĘŚĆ,BRAK,—,POZA ZAKRESEM,NISKA,—,tylko home.pl (iOS)
Q-11,Q,Tryb prosty / zaawansowany panelu,NIE,NIE,NIE,NIE,CZĘŚĆ,DZIAŁA,page.tsx:139 — ukrywa 7 zakładek,PRZEWAGA,—,—,
Q-12,Q,Kreator pierwszych kroków (onboarding),NIE,CZĘŚĆ,NIE,CZĘŚĆ,TAK,DZIAŁA,onboarding-wizard.tsx:52,PARYTET,—,—,tylko nawigacja
Q-13,Q,Command palette dla operatora,NIE,NIE,NIE,—,—,DZIAŁA,command-palette-actions.ts,PRZEWAGA,—,—,
Q-14,Q,Kreator uruchomienia węzła,TAK,TAK,TAK,—,—,CZĘŚCIOWE,"node-wizard.tsx:277,288 — realnie tylko init + bootstrap; 7 z 9 kroków to treść runbooka (wizard-content.ts:21-40)",CZĘŚCIOWY,WYSOKA,M,w tym brakuje kroku konfiguracji backupu — patrz H-19
Q-15,Q,Live-readiness (checklista przed startem),NIE,NIE,NIE,—,—,DZIAŁA,live-readiness.service.ts — 14 checków,PRZEWAGA,—,—,dobre narzędzie; nie sprawdza odtwarzalności kopii
Q-16,Q,"Metryki biznesowe (MRR, churn)",NIE,NIE,NIE,—,—,DZIAŁA,business-metrics.admin.controller.ts:15; test D1,PARYTET,—,—,
Q-17,Q,Grafana SSO dla operatora,NIE,CZĘŚĆ,NIE,—,—,DZIAŁA,grafana-auth.controller.ts,PRZEWAGA,—,—,
Q-18,Q,VPN WireGuard dla dostępu operatorskiego,NIE,NIE,NIE,—,—,DZIAŁA,vpn.admin.controller.ts:29; vpn.service.ts:14-25,PRZEWAGA,—,—,
X-01,X,CI uruchamiające testy,—,—,—,—,—,DZIAŁA,".github/workflows/ci.yml — typecheck, testy API, build, smoke migracji Prisma, gitleaks, pnpm audit, Trivy, dependabot",PARYTET,—,S,"SPROSTOWANIE: pierwotny zapis „katalog .github NIE ISTNIEJE"" był mój błąd — .github wypadło z archiwum, na którym pracowałem, i wziąłem to za brak w repo. CI istniało i było sensowne, ale chodziło wyłącznie na main/master, podczas gdy praca toczy się na feature/support-v2 (301 commitów do przodu) — czyli faktycznie nie chodziło nigdzie. Od 2026-08-21 uruchamiane na push do każdej gałęzi, na PR i ręcznie. Pierwszy zielony przebieg: CI #18, commit e122ae4, 2026-08-21, 2m17s — cztery joby zielone, „API unit tests"" wykonane: 37 zestawów, 194 testy, wszystkie przeszły. Poziom dowodu D2 osiągnięty. Przebieg #17 (pierwszy w ogóle) był czerwony na dwóch rzeczach zastanych: zły tag akcji Trivy i apps/www niePrzechodzący typechecku — obie naprawione w e122ae4."
X-02,X,Status wymagany do merge,—,—,—,—,—,DZIAŁA,"ruleset „gałęzie wdrożeniowe — wymagaj zielonego CI"" (id 21161479), Active, zakres: gałąź domyślna + live-release-readiness; wymagane 4 checki z ci.yml",PARYTET,—,S,"Wykonane 2026-08-21 w interfejsie GitHuba. Użyty ruleset zamiast klasycznej ochrony gałęzi, bo klasyczny formularz pozwala wybrać wyłącznie checki widziane w ciągu ostatniego tygodnia, a CI nie przebiegło jeszcze ani razu — ruleset przyjmuje check po nazwie. Rozszerzony 2026-08-21 na live-release-readiness — to z niej idą realne wdrożenia, więc ochrona samego main nie pilnowała niczego, co trafia na serwer. Konsekwencja: scalanie na gałąź wdrożeniową przez PR albo fast-forward; lokalny merge commit zostanie zablokowany, bo nie ma własnego przebiegu CI. Obejście: Repository admin (wyjście awaryjne dla jednoosobowego zespołu). Konfiguracja NIE jest w repozytorium — jej jedyny zapis to docs/archiwum/zadania/X-02-status-wymagany-do-merge.md. Poziom dowodu D4."
X-03,X,Testy uruchamiane przed wdrożeniem,—,—,—,—,—,DZIAŁA,".github/workflows/deploy.yml — job test-gate (typecheck + pnpm --filter api test), build-push ma needs: test-gate; ops/scripts/lib/bramka-recznego-wdrozenia.sh — poza Actions odmowa (kod 2) bez WDROZENIE_RECZNE_POWOD (min. 15 znakow), wpis jednoliniowy w /var/log/verris/wdrozenia-reczne.log + syslog verris-wdrozenie; prod-deploy-ghcr.sh / prod-deploy-release.sh / prod-deploy-rolling.sh wolaja bramke przed pierwszym git/docker; deploy.yml eksportuje VERRIS_WDROZENIE_Z_ACTIONS=1 + GITHUB_RUN_ID; test: apps/api/src/test/wdrozenie-reczne-jawne.spec.ts (zachowanie biblioteki + kolejnosc w skryptach)",PARYTET,WYSOKA,S,"Ścieżka automatyczna (push → build → deploy) od 2026-08-21 nie przepuszcza czerwonych testów. Ścieżka ręczna ops/scripts/prod-deploy-ghcr.sh nadal nie uruchamia żadnych testów — dlatego CZĘŚCIOWE, nie DZIAŁA. | 2026-09-22: sciezka reczna nie jest juz ukryta — jest jawna decyzja z powodem i sladem. Swiadomie NIE blokujemy jej calkiem: to droga awaryjna (rollback, lezacy GitHub). Reczne ustawienie flagi Actions jest mozliwe, ale jest swiadomym klamstwem w poleceniu, nie przeoczeniem. Przy okazji X-13: domyslna galaz w release/rolling zmieniona z porzuconej live-release-readiness na main. D2 2026-09-22: wdrozenie-reczne-jawne.spec.ts zielony lokalnie i w CI #182. Dokumentacja: docs/archiwum/zadania/X-03-testy-uruchamiane-przed-wdrozeniem.md (sekcja 2026-09-22)"
X-04,X,Testy integracyjne / e2e API,—,—,—,—,—,CZĘŚCIOWE,"apps/api/test/integration/ — setup.ts (izolacja przez TRUNCATE CASCADE, fabryki, atrapy DirectAdmina/poczty/audytu), node-selector.int-spec.ts (9 testów placementu na prawdziwych zapytaniach), ksiega.int-spec.ts (6 testów cyklu życia księgi z prawdziwymi transakcjami); apps/api/jest.integration.cjs — maxWorkers 1, bo testy dzielą jedną bazę; .github/workflows/ci.yml — job „API integration tests” z Postgresem 16",CZĘŚCIOWY,WYSOKA,L,"CZĘŚCIOWE od 2026-08-22 — pierwsze testy integracyjne w historii tego projektu. Do tej pory WSZYSTKIE testy API podstawiały fałszywą Prismę: dowodziły, że logika jest poprawna, nie że zapytanie zwraca to, czego się po nim spodziewamy. | Uruchomione naprawdę, nie tylko napisane: postawiłem Postgresa 16, zaaplikowałem 100 migracji, wygenerowałem klienta i puściłem pakiet — 15 testów zielonych. Sprawdzone, że czerwienią się na regresji: usunięcie zwolnienia pojemności z account-deletion czerwieni 4 z 6 testów księgi. | Co złapały, czego atrapy nie mogły: że Postgres zwraca Float (overcommit) jako number a nie Decimal, że groupBy z filtrem statusu faktycznie pomija konta DELETED, że okno świeżości telemetrii działa na prawdziwym ORDER BY, że wybór najnowszej próbki na subskrypcję nie sumuje okna. | ZAKRES: pokryty jest placement (NodeSelectorService) i cykl życia księgi pojemności (autoskalowanie, usunięcie konta). NIE są pokryte: ścieżki HTTP przez supertest, provisioning end-to-end, płatności, webhooki, KSeF. Dlatego CZĘŚCIOWE, nie DZIAŁA — pozycja opisuje testy integracyjne CAŁEGO API. | Job w CI celowo NIE jest jeszcze wymagany do scalenia (ruleset z X-02): dokładanie nieprzetestowanego w tym repo checka jako wymaganego zablokowałoby merge na ślepo. Do dopisania po pierwszym zielonym przebiegu na main. Poziom dowodu: D1 do czasu tego przebiegu, potem D2. | Ograniczenie warsztatu, warte zapisania: nie da się ich uruchomić ani na maszynie PM-a (klient Prismy zbudowany pod macOS, sandbox to Linux), ani domyślnie w kontenerze (binaries.prisma.sh poza listą dozwolonych hostów). Wymagało zbudowania środowiska od zera. CI jest jedynym miejscem, gdzie biegną rutynowo. Dokumentacja: docs/archiwum/zadania/X-04-testy-integracyjne-api.md | D2 OSIĄGNIĘTE 2026-08-22: przebieg CI #57 zielony w komplecie — sześć jobów, w tym „API integration tests"" z Postgresem 16."
X-05,X,Testy paneli frontowych,—,—,—,—,—,BRAK,admin-panel i staff-panel: 0 plików; client-panel: 1 plik bez runnera (brak skryptu test w package.json:5-11),LUKA,ŚREDNIA,L,
X-06,X,Pokrycie testami modułu auth,—,—,—,—,—,BRAK,zero plików .spec w apps/api/src/auth,LUKA,WYSOKA,M,"Reklasyfikacja jak X-01 — z zastrzeżeniem, że po ustaleniach Z-02 i Z-04 to właśnie moduł auth i guardy są miejscem, gdzie brak testów już zamienił się w realne luki."
X-07,X,Pokrycie testami klienta KSeF,—,—,—,—,—,BRAK,ksef-v2.client.ts (487 l. kryptografii + API skarbowe) — ZERO testów; testowany jest tylko builder XML,POZA ZAKRESEM,WYSOKA,M,"Reklasyfikacja jak X-01. | 2026-09-23 PO STARCIE: decyzja właściciela (PB-13 2026-09-22, potwierdzona 2026-09-23) — faktury VAT wystawia program księgowy Firmino (Streamsoft), który sam obsługuje KSeF; własny moduł KSeF zamrożony, bezpośrednia integracja z KSeF po starcie. Pozycja wraca przy tej integracji."
X-08,X,Pokrycie testami ścieżki backup/restore,—,—,—,—,—,BRAK,offsite-restore.service.ts (regex chroniący przed path traversal na wejściu od klienta) — ZERO testów,LUKA,WYSOKA,M,"Reklasyfikacja jak X-01 — ale patrz Z-03: brak testów walidacji wejścia migracji to nie jest kwestia jakości, tylko przyczyna luki wykonania kodu."
X-09,X,Pokrycie testami DirectAdminService,—,—,—,—,—,BRAK,directadmin.service.ts ma 3057 linii; testowany jest wyłącznie helper mergeAdminSettingsPayload,LUKA,WYSOKA,L,
X-10,X,"Testy RBAC sprawdzające zachowanie, nie metadane",—,—,—,—,—,ATRAPA,"3 pliki spec czytają Reflect.getMetadata(ROLES_KEY) — weryfikują, że dekorator napisano, nie że guard blokuje",LUKA,WYSOKA,M,pokrycie pozorne w najdroższym możliwym miejscu
X-11,X,"Testy API w osobnym jobie CI, nie za typecheckiem",—,—,—,—,—,DZIAŁA,".github/workflows/ci.yml — osobny job api-tests o nazwie „API unit tests""",PARYTET,—,S,"Zamknięte 2026-08-21. Zasada: krok, który DOWODZI, nie może stać za krokiem, który tylko sprawdza higienę. Przy przebiegu #17 typecheck wywalił się na apps/www — panelu niezwiązanym z tamtą pracą — i 194 testy nie uruchomiły się ani razu. Koszt rozdzielenia: jeden dodatkowy pnpm install, joby i tak biegną równolegle. deploy.yml celowo zostaje z testami w jednym jobie z typecheckiem, bo zadaniem bramki jest zablokować wdrożenie, a nie dostarczyć dowód. Check „API unit tests"" dopisany do rulesetu z X-02 tego samego dnia — bez tego rozdzielenie jobów otwierałoby dziurę: testy widoczne, ale niewymagane do scalenia. Dokumentacja: docs/archiwum/zadania/X-11-testy-api-w-osobnym-jobie.md | KOREKTA 2026-08-22: podział jobów zabrał testom budowanie bibliotek, które wcześniej działo się przy okazji przez pnpm typecheck (Turbo, dependsOn ^build). Job „API unit tests” był przez to CZERWONY od tego commita aż do X-17, mimo że zgłosiłem pozycję jako zamkniętą na podstawie zielonych testów lokalnych. Sam przebieg CI sprawdziłem dopiero przy #56. Wniosek zapisany w X-17: pozycja dotycząca CI nie może być zamknięta bez obejrzenia przebiegu, którego dotyczy."
X-12,X,Skrypty węzła serwowane przez API obecne w obrazie produkcyjnym,—,—,—,—,—,DZIAŁA,"Dockerfile.api — COPY dla 10 skryptów; apps/api/src/test/dockerfile-scripts.spec.ts; D3: 2026-08-21 21:57 — `docker exec <api> ls -la ops/scripts/` na control-plane pokazuje 10 plików, w tym node-php-apply.sh, node-app-install.sh i node-account-restore.sh",PARYTET,—,S,"Nowa klasa błędu, której audyt nie widział: „skrypt jest w repozytorium, ale nie ma go w obrazie"". Lokalnie wszystko działa, bo monorepo leży obok; w kontenerze jest tylko to, co wymienia Dockerfile. Brakowały trzy: node-account-restore.sh, node-app-install.sh, node-php-apply.sh. Skutek: trzy rodzaje zadań agenta nie wykonywały się na produkcji, przy zielonych testach i zielonym buildzie. Test statyczny wyciąga ścieżki z loaderów i porównuje z COPY — kosztuje milisekundy, zamyka całą klasę. | D3 OSIĄGNIĘTE 2026-08-21 21:57 po wdrożeniu #62: wszystkie dziesięć skryptów obecne w obrazie na serwerze. To pierwsza pozycja w tym audycie z dowodem poziomu D3."
X-13,X,Jedna gałąź wdrożeniowa — main,—,—,—,—,—,DZIAŁA,.github/workflows/deploy.yml — on.push.branches: [main],PARYTET,—,S,"Do 2026-08-21 wdrożenie wyzwalały trzy gałęzie: main, master i live-release-readiness. Realne wdrożenia szły z live-release-readiness, master w repozytorium nie istniał, a main stał od czerwca. Trzy wyzwalacze to trzy odpowiedzi na pytanie „co jest na produkcji"" — czyli brak odpowiedzi. Decyzja PM-a: zostaje sam main, chroniony rulesetem z X-02 i bramką testową z X-03. Konsekwencja: live-release-readiness przestaje być gałęzią wdrożeniową i zostaje jako zapis historii do czasu wycofania."
Z-12,K,Placement kont nadsubskrybuje zasoby węzła zamiast rezerwować pełne limity planu,TAK,TAK,TAK,TAK,TAK,DZIAŁA,"node-capacity.ts — czyZmiesciSie z dwiema bramkami (handlową: sprzedane + limit planu ≤ pojemność × overcommit; fizyczną: realne zużycie ≤ pojemność × (1 − headroom)); node-selector.service.ts — realneZuzycieWezlow z okna 30 min, jedna najnowsza próbka na subskrypcję; schema.prisma — Server.overcommitCpu/Ram/Disk Float @default(1); migracja 20260822090000_node_overcommit; node-capacity.spec.ts (21 testów) + node-selector.service.spec.ts (9 testów)",PARYTET,—,M,"Zamknięte 2026-08-22, D3 wymagane po wdrożeniu (pozycja dotyczy pojemności produkcyjnej i pieniędzy). Błąd był kategorii, nie arytmetyki: allocated* to suma limitów planów, czyli ZOBOWIĄZANIE HANDLOWE, a kod porównywał je z pojemnością fizyczną tak, jakby były zajętością maszyny. W LVE MemoryMax i SPEED są sufitami burst — rezerwowanie sufitu to to samo, co trzymanie stolika dla każdego, kto MÓGŁBY przyjść. | Rozwiązanie ma dwie bramki, nie jedną: sama handlowa to hazard, sama fizyczna to stan sprzed poprawki z inną etykietą. | Zmiana semantyki headroomu: wcześniej pomniejszał księgę handlową (mieszanie jednostek), teraz chroni realne zużycie. Arkusz PB-01 podaje przez to 51 kont tam, gdzie kod daje 64 — model jest zachowawczy wobec implementacji, nie sprzeczny; uwaga dopisana w zakładce Gestosc. | Dysk ma osobny, niższy limit overcommitu (3× wobec 8×), bo quota dyskowa jest realnie egzekwowana i klient MOŻE ją wypełnić w całości. | Domyślne 1,0 celowo: migracja nie zmienia zachowania placementu, nadsubskrypcję włącza admin świadomie per węzeł. Wycofanie = przestawienie pola w panelu, bez rollbacku. | Brak telemetrii degraduje overcommit do 1,0 zamiast blokować sprzedaż — awaria agenta nie ma zatrzymywać firmy. Węzeł z zerem kont traktowany jako zużycie ZNANE i zerowe, nie nieznane. | Przy okazji naprawiony planer drenażu (OPS-4) w servers.service.ts, który miał DOKŁADNIE tę samą arytmetykę — plan ewakuacji mówiłby „nie ma dokąd przenieść kont” w chwili, gdy miejsce jest. Drugi raz w tym audycie poprawka miała bliźniaka; stąd wyniesienie arytmetyki do osobnego modułu. | 6 z 30 testów czerwieniło się na kodzie sprzed zmiany. Dokumentacja: docs/archiwum/zadania/Z-12-nadsubskrypcja-pojemnosci-wezla.md"
Z-13,M,Pakiet sprzedawany na stronie istnieje jako plan w bazie,TAK,TAK,TAK,TAK,TAK,DZIAŁA,"apps/api/src/plans/plan-produkcyjny.ts — PLAN_PRODUKCYJNY jako źródło prawdy; migracja 20260822120000_plan_produkcyjny (INSERT ... ON CONFLICT DO UPDATE, wycofanie planów prototypowych z isPublic); seed.ts — starter/pro/business isPublic: false; plan-produkcyjny.spec.ts — 20 testów uzgadniających treść strony, definicję w kodzie i migrację SQL",PARYTET,—,S,"Zamknięte 2026-08-22. Strona sprzedawała pakiet, którego nie było gdzie kupić: w bazie istniały wyłącznie trzy plany z czasów prototypu (19,99/49,99/99,99 zł) o innych limitach, i to one były jedynymi publicznymi. | Sprawa nie kończyła się na cenniku — z rekordu Plan czyta wycena zamówienia i odnowienia, placement konta na węźle (limity bazowe), synchronizacja pakietów DirectAdmina (prod-sync-server-da-packages.sh) i sufity autoskalowania. | Ceny są BRUTTO: invoices.service.ts:293 traktuje kwotę obciążenia jako brutto i rozbija ją na netto + VAT 23%. Wpisanie netto zawyżyłoby każdą fakturę o 23%. Sprawdzone w kodzie, nie założone. | Plan powstaje w MIGRACJI, nie w seedzie — dzięki temu istnieje na każdym środowisku bez uruchamiania seeda, a ON CONFLICT DO UPDATE sprawia, że migracja jest źródłem prawdy także przy zmianie ceny. | Plany prototypowe wycofane przez isPublic=false, a NIE isActive=false: dezaktywacja planu wywróciłaby odnowienie ewentualnej subskrypcji na nim założonej. | Test uzgadnia TRZY warstwy, które mówiły trzy różne rzeczy: treść strony, definicję w kodzie i migrację SQL. Sprawdzone przez podmianę ceny w SQL — test zapala się na czerwono. | Przy okazji odkryte Z-16: sufit autoskalowania z oferty (24 vCPU, 1000 GB) jest nieosiągalny, bo silnik przycina krotność do 10×. Dokumentacja: docs/archiwum/zadania/Z-13-plan-produkcyjny-w-bazie.md"
Z-14,P,"Treść oferty nie obiecuje zasobów, których nie da się dotrzymać jednocześnie",TAK,TAK,TAK,TAK,TAK,DZIAŁA,"apps/www/src/app/(frontend)/hosting/page.tsx — „do 8 GB RAM, do 2 vCPU”; apps/www/src/app/(frontend)/components/Pricing.tsx — ta sama zmiana w karcie pakietu",PARYTET,—,S,"Zamknięte 2026-08-22. Strona pisała „Baza w cenie: 50 GB NVMe, 8 GB RAM, 2 vCPU”. Przy gęstości, przy której węzeł w ogóle się domyka (51 kont), oznaczałoby to 408 GB RAM obiecane na maszynie ze 128 GB. Sformułowanie „w cenie” to obietnica rezerwacji; RAM i CPU są w LVE sufitami burst, więc poprawne jest „do”. Dysk zostaje bez zmiany — quota dyskowa jest realnie egzekwowana i 50 GB to faktyczna alokacja. To ten sam typ błędu, który audyt wychwycił w oferta.md: zdanie prawdziwe dla jednego klienta i nieprawdziwe dla wszystkich naraz. Decyzja PM-a z 2026-08-22. Dokumentacja: docs/archiwum/strategy/DECYZJA_CENOWA_2026-08.md"
Z-15,K,"Alert wyprzedzający, gdy realne zużycie węzła zbliża się do progu",TAK,TAK,CZĘŚĆ,CZĘŚĆ,TAK,BRAK,"node-capacity.ts — bramka fizyczna odmawia po przekroczeniu progu, nie przed",LUKA,ŚREDNIA,S,"Odkryte przy zamykaniu Z-12. Bramka realnego zużycia działa poprawnie, ale odzywa się dopiero wtedy, gdy węzeł jest już pełny — a operator dowiaduje się o tym z nieudanej sprzedaży. To jest ten sam wzorzec co przy X-12: mechanizm działa, tylko informacja dociera po fakcie. Do zrobienia: próg ostrzegawczy (np. 70% pojemności fizycznej) podpięty pod istniejący ops-watchdog.scheduler.ts, który już liczy procenty wykorzystania i wysyła alerty. Przy okazji: nikt nie liczy sumy nadsubskrypcji po całej flocie — przy jednym węźle bez znaczenia, przy pięciu już nie."
Z-16,J,Autoskalowanie pyta węzeł o pojemność i dowozi sufit obiecany w ofercie,TAK,TAK,CZĘŚĆ,CZĘŚĆ,TAK,DZIAŁA,"node-capacity.ts — wolneDoZadysponowania + krotnoscAutoskalowania (MAKS 32×, koniec zaszytego sufitu 10×); autoscaling-engine.service.ts — ogranicznikPojemnosciWezla przed guardScaleUp, realneZuzycieWezla, allocated* incrementowane w tej samej transakcji co zapis konta; account-deletion.service.ts — zwolnienie limitów efektywnych przy DELETED; node-selector.service.ts — maxAccounts pomija DELETED; plan-change.service.ts — delta od limitów efektywnych; migracja 20260822150000_uzgodnienie_ksiegi_wezla; node-capacity-z16.spec.ts + ksiega-wezla.spec.ts + przepisany blok w plan-produkcyjny.spec.ts",PARYTET,—,M,"Zamknięte 2026-08-22, D3 wymagane. Silnik autoskalowania nie miał w całym pliku ani jednego odwołania do Server ani do allocated*. Dwa skutki, jedna przyczyna. | PIERWSZY: sufit 10× zaszyty w silniku niezależnie od planu sprawiał, że oferta (24 vCPU, 1000 GB) była nieosiągalna — realnie 20 vCPU i 500 GB. Klient płacił godzinowo za nadwyżkę, której nie dostawał. | DRUGI: silnik podnosił limity w DirectAdminie bez pytania węzła o pojemność i bez zapisu w księdze. Po Z-12 znaczyło to dwie warstwy nadsubskrybujące ten sam węzeł bez wiedzy o sobie; jedno konto mogło urosnąć do 1000 GB na węźle 1,92 TB. | KOLEJNOŚĆ MIAŁA ZNACZENIE: przy Z-13 świadomie NIE podniosłem sufitu i utrwaliłem rozbieżność testem, bo wyższy sufit bez zabezpieczenia pojemności powiększyłby promień rażenia. Ten test zapalił się przy zmianie progu dokładnie tak, jak miał — ratchet zadziałał. | Przycinanie zamiast odmowy: brak pojemności węzła nie jest winą klienta i nie może mu wyłączać autoskalowania. Konto dostaje mniej, nie traci usługi; każde obcięcie zostawia wpis AUTOSCALING_OGRANICZONE_POJEMNOSCIA_WEZLA — to sygnał do dołożenia węzła. | Zmiana znaczenia księgi allocated* wymusiła przegląd wszystkich jej pisarzy i wyszły CZTERY przecieki: (1) autoskalowanie nie dopisywało nadwyżki, (2) usunięcie konta nigdy nie zwalniało limitów — węzeł z czasem przestawał przyjmować konta mając miejsce, (3) maxAccounts liczył konta DELETED, (4) zmiana planu liczyła deltę od baz planów, co było poprawne PRZED Z-16 i stałoby się błędem PO. Czwarty nie istniał — powstałby przez tę poprawkę. | Migracja PRZELICZA księgę z limitów efektywnych kont żywych, więc prostuje też przeszłość; LEFT JOIN, bo węzeł bez kont też mógł mieć allocated* > 0. | 27 nowych testów, czerwień na starym kodzie zebrana trzykrotnie (1/20, 3/21, 4/11). Dokumentacja: docs/archiwum/zadania/Z-16-autoskalowanie-pyta-wezel.md"
Z-17,J,"Klient widzi, że autoskalowanie dało mu mniej, niż potrzebował",NIE,NIE,NIE,CZĘŚĆ,TAK,BRAK,"autoscaling-engine.service.ts — obcięcie zostawia wpis w dzienniku audytu i warn w logu, ale panel klienta nie pokazuje niczego",LUKA,ŚREDNIA,S,"Odkryte przy zamykaniu Z-16. Gdy węzeł nie ma pełnej nadwyżki, konto dostaje tyle, ile się da — i to jest właściwe zachowanie. Ale klient płaci za autoskalowanie godzinowo i nie dowiaduje się, że w szczycie dostał połowę tego, czego strona potrzebowała. Widzi wolną stronę i nie wie dlaczego. | To nie jest kosmetyka interfejsu: przy usłudze rozliczanej za realne użycie informacja o tym, że usługa nie dowiozła, jest częścią usługi. Bez niej pierwsze zgłoszenie do BOK-u brzmi „strona muliła w Black Friday”, a odpowiedź wymaga grzebania w dzienniku audytu. | Do zrobienia: wpis w historii autoskalowania widoczny w panelu klienta plus, przy powtarzających się obcięciach, sygnał od nas — bo to my mamy za mało węzłów, nie on za mały pakiet."
Z-18,Z,Prawdziwa przyczyna błędu provisioningu nie ginie po drodze,—,—,—,—,—,CZĘŚCIOWE,"apps/api/src/subscriptions/provisioning-error.ts — BladEtapuProvisioningu (etap, przyczyna, message z doklejoną przyczyną); provisioning-queue.service.ts — kategoriaBledu(err), klasyfikacja obiektu zamiast napisu, pole przyczyna w audycie ponowienia i twardej porażki; provisioning.service.ts — trzy etapy DA (ensureUserPackage, createAccount, setAccountLimits) bez prania przyczyny; apps/api/src/test/blad-provisioningu-nie-klamie.spec.ts (18). BRAK: dowodu D3 — nie ma węzła obliczeniowego, więc ścieżki provisioningu nie da się dziś przejść na produkcji.",CZĘŚCIOWY,BLOKER STARTU,S,"Stan 2026-08-23: NAPRAWIONE W KODZIE (D2), POZYCJA OTWARTA — bloker startu do czasu dowodu D3 na węźle #1 (sprint 8). Krytyczność nadana decyzją właściciela produktu 2026-08-23. | JAK TO WYSZŁO: X-30 naprawiło alerting i w ciągu dziesięciu minut zapaliła się pierwsza reguła z PRAWDZIWEGO powodu — VerrisProvisioningQueueFailed. W kolejce leżały cztery martwe joby, a w panelu operatora stało przy nich „DirectAdmin package ""starter"" is missing on the node and could not be created automatically"". W audycie stało co innego: ensureUserPackage / connect ECONNREFUSED 62.238.0.223:2222 (2026-07-07 i 07-10) oraz createAccount / „DirectAdmin API Error: Unable to Create User — A valid IP was not provided"" (2026-05-30). Węzeł nie przyjmował połączeń; z pakietem nie było nic nie tak. Same joby są nieszkodliwe — konto testowe właściciela, domeny test.pl/testowa.pl/hvln.pl, sprzed trzech miesięcy, z czasów gdy węzeł testowy jeszcze istniał (dziś nie ma go wcale). Ale komunikat doprowadził mnie do hipotezy o złym mapowaniu planów na pakiety DA — całkowicie chybionej. Na tym polega koszt takiego błędu: nie na tym, że coś nie działa, tylko że wszyscy patrzą nie tam. | MECHANIZM: provisioning.service.ts łapał prawdziwy błąd, zapisywał go do audytu i rzucał dalej STAŁY NAPIS. Prawda zostawała w bazie, w górę szła zmyślona przyczyna. A wyżej: const errCategory = categorizeProvisioningError(msg) — klasyfikator dostawał ten wyprany napis. Jest napisany POPRAWNIE, ma econnrefused na liście błędów przejściowych; tylko nigdy nie widzi tego słowa. | DLACZEGO DOTYKA PIENIĘDZY: przy kliencie i chwilowym zerwaniu sieci — próba 1 → ECONNREFUSED przebrany za brak pakietu → permanent → ścieżka twardej porażki JUŻ PRZY PIERWSZEJ PRÓBIE: subskrypcja na FAILED, ZWROT ŚRODKÓW do portfela, status PENDING_PAYMENT; potem throw err i BullMQ i tak ponawia (attempts: 3, backoff wykładniczy); próba 2 przechodzi, konto powstaje, provisioning.service.ts:299 ustawia subskrypcję na ACTIVE. Klient ma działający hosting i odzyskane pieniądze, a zwrot jest idempotentny (sub-{id}-initial-refund), więc nic go nie cofnie. Wada uśpiona — nie ma dowodu, że się zdarzyła (te joby padły do końca, węzeł był wyłączony na dobre) — ale leży dokładnie na ścieżce pierwszego płacącego klienta. | RODZINA, NOWY WARIANT: to NIE jest „kontrola, która melduje zamiast zatrzymywać"" (X-14, X-23, H-19, X-27), gdzie mechanizm istniał i niczego nie bramkował. To POPRAWNA KONTROLA, KTÓREJ SIĘ KŁAMIE: guard dobry, decyzja dobra, lista wyjątków kompletna — a wejście wyprane po drodze. Blisko też rodzinie „strażnik dopasowuje własną prozę"" (dziesiąte wystąpienie): jeden z trzech komunikatów był ułożony tak, żeby TRAFIĆ w listę przejściowych — 'CloudLinux LVE limits could not be applied on this node.' kontra lower.includes('cloudlinux lve limits could not be applied'). Działało przypadkiem, dopóki ktoś nie poprawiłby zdania. | POPRAWKA: BladEtapuProvisioningu(etap, przyczyna, komunikatDlaCzlowieka) — klasa niosąca ORYGINALNĄ treść błędu; kategoriaBledu(err) pyta obiekt o przyczynę i dopiero na niej odpala istniejący klasyfikator, a napis zostaje ścieżką zapasową. Przyczyna jest DOKLEJONA także do message, bo panel pokazuje job.failedReason z BullMQ (czyli Error.message), a failedCategory liczy się z tego samego napisu — gdyby przyczyna została tylko we właściwości, panel dalej opowiadałby zmyśloną historię. Audyt dostał osobne pole przyczyna obok error. | Czerwieni się na starym kodzie: 4 z 18. Czternaście przechodziło, bo dotyczą zachowania kategoriaBledu, której przed poprawką nie było — redness siedzi w asercjach strukturalnych. Mówię o tym wprost, żeby „4 z 18"" nie wyglądało słabiej, niż jest. | CZEGO NIE OBEJMUJE: innych miejsc, gdzie prawdziwy błąd może być prany (Stripe, migracje, autoskalowanie mają własne bloki catch i nie były przeglądane pod tym kątem — warte osobnego przejścia); sensowności samego zwrotu przy twardej porażce (zwrot jest właściwy, gdy błąd NAPRAWDĘ jest trwały — ta pozycja naprawia rozpoznanie, nie decyzję); czterech martwych jobów w kolejce (sprzątane po tej poprawce, decyzją właściciela produktu, żeby czyścić już na kodzie zapisującym prawdziwą przyczynę). | JAK ZAMKNĄĆ: na węźle #1 uruchomić provisioning, przerwać połączenie do DA w trakcie i pokazać w audycie PONOWIENIE zamiast zwrotu środków, a potem konto założone przy drugiej próbie. Dokumentacja: docs/archiwum/zadania/Z-18-blad-provisioningu-nie-klamie.md"
X-14,X,"CI sprawdza DANE po migracji, nie tylko czy migracja się wykonała",—,—,—,—,—,DZIAŁA,".github/workflows/ci.yml — job migrations: kroki „Seed reference data” i „Verify migrated data (Z-12, Z-13, Z-16)”; ops/sql/sprawdz-baze-po-migracji.sql — 5 bloków asercji kończących się RAISE EXCEPTION",PARYTET,—,S,"Zamknięte 2026-08-22. Job migrations sprawdzał wyłącznie, czy migracje dają się zastosować i czy schemat nie ma dryfu. Nie sprawdzał, czy DANE, które migracje wstawiają, tam są i mają właściwe wartości — a Z-12 i Z-13 to migracje danych, których poprawność testy jednostkowe potwierdzały wyłącznie przez czytanie SQL-a jako TEKSTU. | Teraz CI odpytuje bazę: czy plan verris-hosting istnieje z ceną 45,00 brutto i limitami 200/8192/51200, czy publiczny pakiet hostingowy jest dokładnie jeden, czy prototypy są wycofane ale nie zdezaktywowane, czy kolumny overcommit mają NEUTRALNĄ domyślną 1, czy księga pojemności zgadza się z sumą limitów kont żywych. | Sprawdzone na prawdziwym Postgresie 16 ze wszystkimi 100 migracjami: komplet przechodzi, a podmiana ceny na 49,00 i podniesienie domyślnej nadsubskrypcji do 4 wywalają job z kodem 3. | ODKRYTE PRZY TESTOWANIU: na bazie z samych migracji plany prototypowe w ogóle nie istnieją (tworzy je seed), więc asercja o ich wycofaniu przechodziła TRYWIALNIE — w logu CI wygląda to identycznie jak prawdziwe „wszystko w porządku”. Stąd krok seeda przed asercjami plus jawny warunek: zero znalezionych prototypów to błąd, nie sukces. Przy okazji CI po raz pierwszy weryfikuje, że seed w ogóle wykonuje się na świeżej bazie. | Dokumentacja: docs/archiwum/zadania/X-14-asercje-danych-po-migracji.md"
X-15,X,"Niezmiennik księgi pojemności sprawdzany liczbowo, nie tekstowo",—,—,—,—,—,DZIAŁA,"apps/api/src/subscriptions/ksiega-niezmiennik.spec.ts — 15 testów: losowe ciągi operacji (założenie konta, skalowanie w górę i w dół, zmiana planu, usunięcie) z porównaniem księgi z prawdą po KAŻDYM kroku; node-capacity.ts — deltaKsiegi/limityEfektywne/ksiegaUpdateData jako jedyna arytmetyka księgi w projekcie",PARYTET,—,S,"Zamknięte 2026-08-22. Strażniki z Z-16 były statyczne — czytały tekst źródłowy. Złapią usunięcie linii (i złapały, gdy arytmetyka poszła do wspólnych funkcji), ale nie złapią błędu w ZNAKU delty ani pomylonych argumentów: deltaKsiegi(po, przed) zamiast deltaKsiegi(przed, po) przechodzi każdy test tekstowy i rozjeżdża księgę przy pierwszej operacji. | Test sprawdza jedyną rzecz, która musi być prawdziwa: allocated* równa się sumie limitów efektywnych kont żywych po dowolnym ciągu operacji. Deterministyczny generator, sześć ziaren, sprawdzenie po każdym kroku — żeby dwa błędy nie zniosły się nawzajem. | Uczciwość testu polega na tym, że symulator używa DOKŁADNIE tych samych funkcji co produkcja; gdyby liczył po swojemu, sprawdzałby siebie. Warunkiem było wyciągnięcie arytmetyki z czterech serwisów do node-capacity.ts — przy okazji piąty rozjazd nie ma już gdzie powstać. | Zweryfikowane: odwrócenie znaku w JEDNYM zasobie czerwieni 10 z 15 testów niezmiennika. Test statyczny tego nie widzi. | Czego to nie sprawdza: czy serwisy wołają te funkcje w odpowiednim momencie i z odpowiednimi argumentami — to jest rola X-04. Tu weryfikowana jest arytmetyka, tam okablowanie."
X-17,X,Joby CI budują zależności workspace'u zanim uruchomią testy,—,—,—,—,—,DZIAŁA,".github/workflows/ci.yml — krok „Build workspace libraries” w jobie api-tests, „Generate Prisma client” w jobie migrations; turbo.json — zadanie test dostaje dependsOn ^build; apps/api/src/test/ci-joby.spec.ts — 6 testów strażnika",PARYTET,—,S,"Zamknięte 2026-08-22 po przejrzeniu przebiegu CI #56. To jest MÓJ błąd i dokładnie ten wzorzec, który X-11 miał naprawiać. | @verris/database ma main: dist/index.js. Bez zbudowanego dist/ jest nie rozwiąże modułu i 32 z 48 zestawów NIE STARTUJĄ — nie failują, tylko się nie uruchamiają. W logu wygląda to jak awaria testów, a jest awarią konfiguracji. | Przed X-11 testy biegły wewnątrz joba static-checks, którego krok pnpm typecheck idzie przez Turbo, a typecheck ma dependsOn ^build. Biblioteki budowały się PRZY OKAZJI — nikt tego nie zaprojektował, więc nikt nie zauważył, gdy zniknęło. X-11 wydzieliło testy do własnego joba, który nie budował niczego; pnpm --filter api test omija Turbo, a zadanie test nie miało dependsOn. | Job był czerwony przez trzy wdrożenia (CI #54, #55, #56) przy 415 zielonych testach na maszynie, gdzie dist/ leżało zbudowane z dawnych uruchomień. Zgłosiłem X-11 jako zamknięte, nie sprawdziwszy przebiegu CI — „zielono lokalnie” potraktowałem jako dowód, a to jest dokładnie ten skrót, przed którym skala dowodowa tego audytu ma chronić. | Drugi błąd, świeższy: krok „Seed reference data” dodany do joba migrations w commicie d381a64 wołał seed importujący @verris/database, a ten job nigdy nie generował klienta. Job przeszedł z zielonego na czerwony. | Poprawka na trzech poziomach: jawne kroki w obu jobach, dependsOn ^build w turbo.json (żeby pnpm test był poprawny też lokalnie i w każdym przyszłym jobie) oraz strażnik, który przemiata ci.yml i zapala się, gdy job uruchamia testy bez zbudowania bibliotek. | Strażnik w pierwszej wersji dał FAŁSZYWY ALARM — wzorzec \bjest\b trafiał w polskie słowo „jest” w moich własnych komentarzach. Zawężony do faktycznych wywołań komend, komentarze odfiltrowane przed dopasowaniem. Narzędzie, którego jedynym zadaniem jest nie kłamać, samo skłamało za pierwszym razem. | Dokumentacja: docs/archiwum/zadania/X-17-joby-ci-buduja-zaleznosci.md | D2 OSIĄGNIĘTE 2026-08-22: przebieg CI #57 zielony w komplecie — sześć jobów, w tym „API integration tests"" z Postgresem 16."
X-18,X,Zależności podniesione do najnowszych bezpiecznych wersji,—,—,—,—,—,DZIAŁA,package.json — 16 pnpm.overrides na zależności przechodnie; apps/www next 15.4.4 → 16.3.2; wszystkie panele next 16.3.2; NestJS 11.2.1; React 19.2.8; Payload 3.88.0; recharts 3; @types/node 26; ioredis 6; bullmq 6; graphql 17; sharp 0.35.3; libs/typescript-config/nestjs.json target ES2022 + lib ES2023,PARYTET,—,M,"Zamknięte 2026-08-22. Podatności: 142 → 2 (krytyczne 2 → 0, wysokie 61 → 1, średnie 69 → 0). | NAJWAŻNIEJSZE: apps/www stało na next 15.4.4 z krytycznym RCE w protokole React flight (łatka od 15.4.8) i wysokim DoS przez Server Components (od 15.4.9). To jest PUBLICZNA strona verris.pl. Panele były na 16.2.7 i ich to nie dotyczyło. Podniesione do 16.3.2 — Payload 3.88 deklaruje wsparcie dla >=16.2.6, więc to ścieżka sankcjonowana przez dostawcę, nie obejście. Build www przechodzi. | Zależności PRZECHODNIE, których nie da się podnieść przez rodzica, domknięte przez pnpm.overrides. Przy pierwszym podejściu użyłem zakresów bez górnej granicy ("">=1.1.18"") — pnpm podstawił NAJWYŻSZĄ pasującą wersję, dla brace-expansion@1 było to 5.0.9 o innym kształcie eksportu, co wywaliło minimatch@3 komunikatem „expand is not a function"". Każdy override jest teraz ograniczony do linii majora. | CZEGO NIE PODNIOSŁEM I DLACZEGO — trzy rzeczy, w których ekosystem nie nadąża: (1) Prisma 6.19.3 → 7.x to NIE jest podniesienie wersji, tylko zmiana architektury warstwy danych: `url` znika ze schematu na rzecz prisma.config.ts, a PrismaClient wymaga driver adaptera; dotyka każdego wywołania bazy, seeda, CI i wdrożenia produkcyjnego. Osobna pozycja: X-20. (2) TypeScript 5.9.3 → 7.0.2 — ts-jest ma peer >=4.3 <7, typescript-eslint >=4.8.4 <6.1.0; podniesienie wyłączyłoby jednocześnie testy i linter. Dodany override pinujący, bo TS 7 wchodził do drzewa jako zależność przechodnia mimo ""^5"" wszędzie. (3) ESLint 9.39.5 → 10.9.0 — eslint-plugin-react 7.37.5 wywala się w runtime („contextOrFilename.getFilename is not a function""), a to on stoi za konfiguracją Next. | Zostały 2 podatności: deepmerge-ts (wysoka, tylko przez Prismę 6 — znika z X-20) i jedna niska. | Wymuszone zmiany w kodzie: recharts 3 usunęło prop activeIndex z <Pie> (podświetlenie przepisane na przezroczystość <Cell>); @types/node 26 zawęziło typ chunka w zdarzeniu 'data' i zmieniło response.json() z any na unknown; bullmq 6 usunęło 'paused' z JobType; Array.prototype.at wymusiło lib ES2023. | Weryfikacja: lint 7/7, typecheck 8/8, 421 testów jednostkowych, 15 integracyjnych, build www — wszystko na prawdziwym Postgresie w kontenerze. Dokumentacja: docs/archiwum/zadania/X-18-podniesienie-zaleznosci.md | KOREKTA 2026-08-22 (X-21): graphql cofnięty z ^17.0.2 do ^16.14.2 — jedynym konsumentem jest Payload 3.88, który deklaruje peera ^16.8.1, a nasz kod nie importuje graphql ani razu. Podniosłem major pod biblioteką, która go nie wspiera, bo wersja była wyższa — na PUBLICZNEJ stronie. Build www przechodzi na 16, ostrzeżenie o peerze znikło. | Domknięty body-parser override'em ^2.3.0: podatności 2 → 1 (została deepmerge-ts, wysoka, tylko przez Prismę 6 — znika z X-20). | engines.node podniesione z "">=22"" do "">=22.12"" — patrz X-21."
X-19,X,Dług lintera odsłonięty przez Next 16 i włączenie ESLinta w API,—,—,—,—,—,CZĘŚCIOWE,"libs/eslint-config/node.mjs oraz apps/*/eslint.config.mjs — reguły włączone, ale część jako ostrzeżenia; 209 ostrzeżeń w panelach, 58 w API",CZĘŚCIOWY,ŚREDNIA,M,"Odkryte przy X-18. Next 16 usunęło komendę `next lint`, więc panele przeszły na płaską konfigurację i eslint wołany wprost. Nowszy eslint-config-next włącza reguły, których poprzednia konfiguracja nie egzekwowała — przede wszystkim rodzinę react-hooks z React Compilera. W panelu klienta odsłoniło to 105 znalezisk. | Osobno: apps/api i libs/directadmin-sdk wołały `eslint` BEZ ŻADNEJ konfiguracji w repozytorium — jedyny plik, libs/eslint-config/base.js, jest w starym formacie eslintrc i nic go nie importowało. Krok lintowania tych pakietów nie sprawdzał niczego. Dodana płaska konfiguracja node.mjs. | NAJWAŻNIEJSZE: nowe reguły wyłapały REALNY BUG. W admin-panel/autoscaling/pricing-table.tsx useMemo stał PO wczesnym return — przy pustej liście reguł hook nie wykonywał się wcale, a po dodaniu pierwszej stawki React widział inną liczbę hooków i komponent się wywalał. Czyli: panel cennika autoskalowania psuł się dokładnie w momencie dodania pierwszej reguły. Naprawione. Drugi: JSX konstruowany w try/catch w pulpicie admina — try nie chronił przed niczym, bo React renderuje zwrócony element po wyjściu z funkcji. | Reguły NIE są wyłączone, tylko obniżone do ostrzeżeń, z komentarzem wskazującym tę pozycję. Wracają na 'error' przy jej zamykaniu. | Wyjątek trwały: no-control-regex zostaje wyłączone — znaki sterujące w regexach walidacyjnych są zamierzone. no-useless-escape zostaje ostrzeżeniem świadomie: cztery wystąpienia siedzą w regexach walidujących wejście (kody promocyjne, ścieżki plików, załączniki), a zmiana regexa walidacyjnego przy okazji podnoszenia zależności to dokładnie ten rodzaj zmiany, który Z-03 kazał robić z testem na każdy przypadek."
X-20,X,Decyzja i migracja na Prismę 7,—,—,—,—,—,BRAK,"libs/database/package.json — prisma 6.19.3; schema.prisma:17 — datasource url = env(""DATABASE_URL""), składnia usunięta w Prismie 7",LUKA,ŚREDNIA,L,"Odkryte przy X-18, świadomie odłożone. Prisma 7 nie jest podniesieniem wersji, tylko zmianą architektury dostępu do bazy: właściwość `url` znika z datasource w schemacie i przenosi się do prisma.config.ts, a PrismaClient wymaga przekazania driver adaptera (@prisma/adapter-pg) albo adresu Accelerate. Sprawdzone realnie — `prisma generate` na 7.9.1 kończy się błędem P1012. | Dotyka: prisma.service.ts, libs/database/src/index.ts, seed, jobów CI, testów integracyjnych i sposobu, w jaki produkcja dostaje DATABASE_URL. Czyli każdej ścieżki do bazy naraz. | Argument za zrobieniem: zamyka ostatnią wysoką podatność (deepmerge-ts). Argument za odłożeniem: zmiana w warstwie danych na dwa sprinty przed startem sprzedaży, przy siedmiu otwartych blokerach, której nie da się w pełni zweryfikować lokalnie — binaries.prisma.sh jest poza listą dozwolonych hostów w obu moich środowiskach, więc jedyną weryfikacją byłoby CI. | Do zrobienia po starcie, z własnym sprintem i testem integracyjnym na każdej ścieżce zapisu."
X-21,X,"Deklaracje typów opisują tę wersję biblioteki, która jest zainstalowana",—,—,—,—,—,DZIAŁA,"apps/api/package.json — @types/archiver ^8.0.0 przy archiver ^8.0.0; apps/api/src/test/typy-zgodne-z-runtime.spec.ts — 12 testów; package.json — engines.node "">=22.12""",PARYTET,—,S,"Zamknięte 2026-08-22. BŁĄD PRODUKCYJNY znaleziony przy X-18, siedzący w kodzie PRZED podniesieniem. apps/api/package.json deklarował jednocześnie archiver ^8.0.0 i @types/archiver ^7.0.0. Archiver 8 usunął fabrykę create() na rzecz klas per format — kod wołał archiver.create('zip'/'tar'), typecheck był ZIELONY, bo typy z linii 7 tę funkcję opisywały, a w runtime jej nie było. Sprawdzone realnie: Object.keys(require('archiver')) = ['Archiver','JsonArchive','TarArchive','ZipArchive'], create === undefined. | CO TO PSUŁO: (1) data-export.service.ts → buildZipToFile — eksport danych osobowych (RODO art. 20, prawo do przenoszenia) wywalał się przy KAŻDYM żądaniu; (2) default-hosting-page.assets.ts → buildDefaultHostingPageBundle — budowa paczki domyślnej strony wywalała się przy KAŻDYM provisioningu konta. Nie „czasem"" — zawsze, od momentu podniesienia archivera. | DLACZEGO NIKT TEGO NIE ZOBACZYŁ: typecheck czytał typy opisujące nieistniejącą wersję, żaden test nie dotykał tych dwóch funkcji, lint nie ma reguły na „ta metoda nie istnieje w runtime"". Typecheck jest bramką wdrożenia — jeżeli typy opisują inną wersję niż zainstalowana, bramka przepuszcza kod, który się nie uruchomi, i robi to cicho, na zielono. | DRUGIE DNO: archiver 8 jest czystym ESM-em (""type"": ""module"", brak wejścia CJS), a API kompiluje się do CommonJS-a. Node obsługuje require(esm) bez flagi dopiero od 22.12, a engines.node stał na "">=22"". Obrazy używają taga node:22 (dziś 22.22), więc realnie nic się nie paliło, ale deklaracja pozwalała na konfigurację, która by się paliła — ERR_REQUIRE_ESM w tych samych dwóch ścieżkach. Podniesione do "">=22.12"". | STRAŻNIK NA CAŁĄ KLASĘ, nie na sam archiver: żadne @types/X w monorepo nie może opisywać innego majora niż zainstalowany X. Test runtime'u wywołuje osobny proces Node'a (execFileSync), bo transformacja jesta nie ładuje zależności ESM i sprawdzałaby ładowarkę jesta zamiast produkcji. | Czerwieni się na starym kodzie: cofnięcie wszystkich trzech rzeczy daje 3 czerwone z 12, każdy z wykonalnym komunikatem. | Strażnik po raz TRZECI w tym projekcie trafił sam w siebie — szukana fraza padała w treści jego własnego komunikatu błędu (ta sama pułapka co polskie „jest"" w X-17). Pominięty __filename + osobny test na spreparowanym wejściu. | PRZY OKAZJI: body-parser (niska, DoS przy cichym wyłączeniu limitu rozmiaru) domknięty override'em ^2.3.0 — podatności 2 → 1; graphql cofnięty z ^17.0.2 do ^16.14.2, bo jedynym konsumentem jest Payload 3.88 deklarujący peera ^16.8.1, a nasz kod nie importuje graphql ani razu — to korekta mojego własnego błędu z X-18: podniosłem wersję, bo była wyższa, nie sprawdzając, kto z niej korzysta. | Weryfikacja: 433 testy jednostkowe, 15 integracyjnych, lint 7/7, typecheck 8/8, build www. Dokumentacja: docs/archiwum/zadania/X-21-typy-klamaly-o-runtime.md"
X-22,X,Eksport danych osobowych (RODO art. 20) sprawdzany testem end-to-end,—,—,—,—,—,BRAK,apps/api/src/compliance/data-export.service.ts — buildZipToFile bez żadnego testu; apps/api/src/compliance/*.spec.ts — brak pokrycia tej ścieżki,LUKA,WYSOKA,M,"Odkryte przy X-21. Eksport danych osobowych wywalał się w runtime przy każdym żądaniu przez cały okres między podniesieniem archivera a 2026-08-22 i NIC tego nie zgłosiło — bo tej ścieżki nie dotyka żaden test. Strażnik z X-21 pilnuje teraz zgodności typów z runtime'em, ale to jest obejście od strony zależności, nie dowód, że eksport działa. | To jest OBOWIĄZEK USTAWOWY (RODO art. 20 — prawo do przenoszenia danych), z terminem miesiąca na odpowiedź. Ścieżka, której nie sprawdza nic, a której awaria jest naruszeniem, nie sprawdzeniem. | DO ZROBIENIA: test integracyjny, który zakłada konto z danymi w każdej sekcji (profil, subskrypcje, faktury, zgłoszenia, załączniki), wywołuje eksport, rozpakowuje wynikowy ZIP i sprawdza, że każda sekcja jest w środku i daje się sparsować. Plus ten sam wzorzec dla buildDefaultHostingPageBundle (tar.gz rozpakowany, index.html obecny). | Dopiero taki test daje D2. D3 wymaga wywołania eksportu na produkcji i obejrzenia pliku."
X-23,X,"Bramka podatności zatrzymuje wdrożenie, a nie tylko dopisuje adnotację",—,—,—,—,—,DZIAŁA,".github/workflows/ci.yml:388 — jedyne wywolanie ops/ci/audyt-bramka.cjs, w jobie security-scans (ci.yml:349). .github/workflows/deploy.yml — job test-gate robi typecheck, lint i testy, NIE wola bramki podatnosci (zero trafien na audyt-bramka/trivy/gitleaks/audit). Ruleset 21161479 ""galezie wdrozeniowe — wymagaj zielonego CI"": wymagane checki to Static checks, Build, Prisma migrate deploy, API unit tests, API integration tests — security-scans NIE JEST na liscie. Obserwacja 2026-09-19: PR #37 ma czerwone ""Security scans"" i jednoczesnie badge ""Able to merge"".",PARYTET,WYSOKA,S,"Zamknięte w kodzie 2026-08-22, D1 do czasu obejrzenia przebiegu CI. Znalezione przy oglądaniu przebiegu CI #58, który zakończył się statusem Success — a w adnotacjach miał „Security scans: Process completed with exit code 1"". Krok `pnpm audit --prod --audit-level high` wychodził z kodem 1 i nie zatrzymywał niczego, bo miał continue-on-error: true. | Powód był prawdziwy: w drzewie siedzi jedna wysoka podatność (deepmerge-ts przez Prismę 6, GHSA-ggr8-5vv4-36mx), której nie da się domknąć bez migracji na Prismę 7 — czyli X-20, świadomie odłożone. Bez continue-on-error każdy przebieg byłby czerwony. SKUTEK: nowa KRYTYCZNA podatność też by nie zatrzymała wdrożenia; job świeciłby na zielono z adnotacją, która przez kilkanaście przebiegów znaczyła „to ta znana"". | Ta sama klasa błędu co X-17 — bramka, która nie bramkuje. Wzorzec wart nazwania, bo wraca: kiedy alarm dzwoni na coś, czego nie da się dziś naprawić, odruchem jest wyłączenie alarmu — i to działa, do pierwszej rzeczy, którą dałoby się naprawić, gdyby ktoś o niej usłyszał. | ROZWIĄZANIE: lista świadomych zgód z terminem ważności. Czerwone gdy: (a) nowa high/critical spoza listy, (b) zgoda po terminie, (c) zgoda na podatność, której już nie ma. Punkt (c) jest najłatwiejszy do uznania za przesadę i najważniejszy w dłuższym horyzoncie — lista wyjątków, z której nic nigdy nie znika, po pół roku przestaje cokolwiek znaczyć. Termin dalszy niż 90 dni odrzucany: „zgoda do 2030"" to usunięcie bramki pod inną nazwą. Zgoda wymaga powodu min. 80 znaków i wskazania istniejącej pozycji macierzy. | STAN: 1 zgoda (deepmerge-ts, termin 2026-11-15 — mniej więcej wtedy X-20 i tak musi zostać rozstrzygnięte; jeśli nie zostanie, CI o tym przypomni, zatrzymując wdrożenie). | CZEGO TO NIE ROBI: gitleaks nadal ma continue-on-error (fałszywe trafienia na przykładowych konfiguracjach w ops/, wyciszanie to osobna robota z .gitleaksignore — zaostrzenie dziś skończyłoby się ponownym wyłączeniem alarmu); pnpm audit --prod pomija zależności deweloperskie; Trivy zostaje raportujący, bo dubluje zakres pnpm audit. | Strażnik po raz CZWARTY trafił we własny komentarz (fraza --audit-level w wyjaśnieniu, dlaczego tego kroku już nie ma) — po „jest"" z X-17 i archiver.create z X-21. Reguła do zapamiętania: strażnik czytający treść pliku patrzy na kod, nie na prozę; komentarze wypadają przed dopasowaniem domyślnie, nie po pierwszym fałszywym alarmie. | Czerwieni się na starym kodzie: przywrócenie kroku z continue-on-error daje 2 czerwone z 15, a przywrócenie continue-on-error na kroku Lint — kolejne 2. | DRUGIE ZNALEZISKO w tym samym pliku: krok Lint miał continue-on-error z komentarzem „lint jest miękki, bramką jest typecheck"". Komentarz był kiedyś prawdziwy — dziś pnpm lint wychodzi z zerem we wszystkich siedmiu pakietach (0 błędów, 270 ostrzeżeń — dług z X-19), więc miękkość nie chroniła już przed niczym poza NOWYM błędem lintera. Zdjęta; ostrzeżenia nadal przechodzą. Do tego biała lista MIEKKIE_DOZWOLONE: dołożenie miękkiego kroku ma być widoczną decyzją, a nie linijką dopisaną, bo się świeciło na czerwono. | Pierwsza wersja strażnika miękkich kroków używała jednego wyrażenia regularnego przez cały plik i przeciekała na następny krok — meldowała „Install pnpm jest miękki"", choć miękki był krok obok. Przepisane na rozkład po wcięciu myślnika: strażnik, który wskazuje nie ten element, kosztuje tyle samo co brak strażnika. Dokumentacja: docs/archiwum/zadania/X-23-bramka-podatnosci.md | TRZECIE ZNALEZISKO — wyciszenia Dependabota. PR-y #15 (Prisma 7) i #16 (TypeScript 7) wracałyby co tydzień, bo świadomie zostajemy na 6.x i 5.x. Naturalnym ruchem jest reguła ignore w .github/dependabot.yml — i naturalnym skutkiem, że po pół roku nikt nie pamięta, dlaczego tam jest ani czy powód nadal obowiązuje. Każde wyciszenie ma więc obowiązkowo dwa komentarze: „# pozycja: X-nn"" (kto odpowiada) i „# przegląd: RRRR-MM-DD"" (do kiedy). apps/api/src/test/dependabot-wyciszenia.spec.ts — 6 testów — czerwieni CI, gdy termin minie, gdy brakuje któregoś komentarza albo gdy wskazana pozycja nie istnieje w macierzy. Parser czyta komentarze, bo parser YAML-a ich nie widzi, a to w nich siedzi odpowiedzialność. | Termin 2026-11-15 jest TEN SAM co zgoda na deepmerge-ts w liście bramki — jeden termin do pilnowania zamiast trzech, wszystkie prowadzą do X-20. | PR-y Dependabota: #15 i #16 zamknie sam Dependabot jako objęte ignore; pozostałych 11 (#4–#14, #17, #18) zamknie się samo po scaleniu feat/sprint-2 do main, bo Dependabot zamyka własne PR-y, gdy gałąź bazowa dogoni wersję. Żadnego nie zamykam ręcznie. | Weryfikacja: 457 testów jednostkowych, 15 integracyjnych, lint 7/7 (0 błędów), typecheck 8/8. | D2 OSIĄGNIĘTE 2026-08-22: przebieg CI #59 zielony w komplecie, sześć jobów, ZERO adnotacji błędu — krok „Bramka podatności"" przeszedł bez continue-on-error, a adnotacja „Process completed with exit code 1"", która towarzyszyła każdemu wcześniejszemu przebiegowi, zniknęła. | KOREKTA 2026-09-19: DZIALA -> CZESCIOWE. Pozycja twierdzila, ze bramka ""zatrzymuje wdrozenie, a nie tylko dopisuje adnotacje"". Bramka jest zbudowana dobrze i dziala — ale nie jest podlaczona do niczego, co moze cokolwiek zatrzymac. Trzy niezalezne drogi obok niej: (1) deploy.yml w ogole jej nie wola, a wdrozenie wyzwala push na main, nie zielony ci.yml; (2) security-scans nie jest checkiem wymaganym w rulesecie, wiec merge przechodzi mimo czerwieni; (3) repository admin ma bypass na wszystko, co i tak bylo zapisane przy X-02. To ta sama rodzina co X-42, tylko o poziom wyzej: tam bramka wdrozenia byla SLABSZA od ci.yml i dolozylismy lint. Nikt wtedy nie sprawdzil, czy brakuje jeszcze czegos — brakowalo bramki podatnosci. Naprawa: X-50. | 2026-09-22 ZAMKNIETE przez X-50 (D2): bramka podatnosci wolana w test-gate deploy.yml oraz 'Security scans' w wymaganych checkach rulesetu. Obie sciezki z korekty 2026-09-19 zamkniete; trzecia (bypass admina) zostaje swiadomie i jest opisana w X-50."
M-34,M,Model prepaid potwierdzony z księgową — doładowanie bez faktury zaliczkowej,—,—,—,TAK,TAK,b.d.,faktura-za-portfel.ts — TYPY_SPRZEDAZY nie obejmuje TOPUP; billing.service.ts:handleCheckoutCompleted — doładowanie kredytuje portfel i nie tworzy dokumentu,CZĘŚCIOWY,WYSOKA,S,"Odkryte przy Z-01, decyzja podjęta 2026-08-22 i WYMAGA POTWIERDZENIA. Przyjęliśmy model prepaid: doładowanie portfela nie jest sprzedażą, tylko wpłatą na poczet usług, więc nie generuje faktury; VAT powstaje przy świadczeniu usługi, czyli przy obciążeniu portfela, i tam idzie dokument. Klient dostaje potwierdzenie wpłaty mailem, nie fakturę. | RYZYKO: jeżeli środki z portfela dałoby się wydać wyłącznie na konkretną, z góry określoną usługę, organ podatkowy może uznać wpłatę za zaliczkę wymagającą faktury zaliczkowej (art. 106b ust. 1 pkt 4 ustawy o VAT). U nas środki są uniwersalne — idą na abonament, domeny, VPS, autoskalowanie i monitoring — co przemawia za modelem prepaid, ale to jest argument, nie rozstrzygnięcie. | DO ZROBIENIA PRZED STARTEM SPRZEDAŻY: potwierdzić model z księgową na piśmie i zapisać decyzję w repo z datą. Jeżeli wyjdzie, że potrzebne są faktury zaliczkowe, to osobny sprint: faktura końcowa musi odwoływać się do zaliczkowej i odejmować rozliczoną kwotę, a KSeF ma na to osobny typ dokumentu. | NIE jest to bloker w sensie kodu — mechanizm działa i jest spójny. Jest to bloker w sensie decyzji: sprzedaż ruszająca przy nierozstrzygniętym modelu podatkowym generuje dług, który rośnie z każdą wpłatą."
X-24,X,"Panel admina woła ścieżki, które API naprawdę wystawia",—,—,—,—,—,DZIAŁA,apps/api/src/test/sciezki-panelu.spec.ts — 5 testów; porównuje wywołania adminApi() z panelu z trasami zadeklarowanymi w kontrolerach API,PARYTET,—,S,"Odkryte przy M-06. Formularz faktury ręcznej z Z-01 wołał /admin/billing/invoices/reczna, a kontroler wystawia /admin/invoices/reczna. Kod się kompilował, testy jednostkowe przechodziły, panel się budował — 404 wyszłoby dopiero pod palcem operatora. | To ta sama rodzina co „bliźniacze miejsca"", rozciągnięta na dwa pakiety: ścieżka zapisana dwa razy, w panelu i w kontrolerze, a nic ich nie łączy. Kompilator nie pomoże, bo po obu stronach to zwykły napis. | Strażnik wyciąga wywołania adminApi() z panelu i trasy z kontrolerów, porównuje kształt ścieżki i metodę HTTP. Segmenty dynamiczne (${id} w panelu, :id w kontrolerze) pasują do wszystkiego. | STRAŻNIK ZACZĄŁ OD JEDENASTU FAŁSZYWYCH ALARMÓW: (1) czytał 220 znaków po wywołaniu szukając `method:` i łapał metodę z NASTĘPNEGO wywołania — zwykły GET raportowany jako POST; (2) zamieniał wstawkę ${qs} na gwiazdkę w miejscu, produkując segment „webhooki*"", który nie pasował do niczego; (3) grupował warianty ścieżki po wartości pochodnej zamiast po oryginale, więc wariant pełny zawsze zostawał sam i zawsze wyglądał na niepokryty. Jedenaście fałszywych alarmów przy dwóch prawdziwych znaleziskach. Strażnik, który tonie we własnym szumie, zostanie wyciszony — doprowadzenie do zera fałszywych alarmów było warunkiem działania, nie dopieszczaniem. | PIĄTE wystąpienie tej rodziny: „jest"" (X-17), archiver.create (X-21), --audit-level (X-23), endsWith('billing.service.ts') (Z-05), teraz ścieżki panelu. | Czerwieni się na starym kodzie: przywrócenie błędnej ścieżki daje 1 czerwony z 5. | CZEGO NIE ROBI: nie sprawdza kształtu ciała żądania ani odpowiedzi — tylko ścieżkę i metodę; nie obejmuje panelu klienta ani panelu staff (te wołają inne bazowe adresy)."
X-25,X,"Asercje po migracji biegną także na produkcji, z rollbackiem przy naruszeniu",—,—,—,—,—,DZIAŁA,"ops/sql/po-migracji-niezmienniki.sql — CI I PRODUKCJA, 14 RAISE EXCEPTION (Z-01, Z-05, Z-12, Z-13, Z-16, M-06); ops/sql/po-migracji-katalog.sql — tylko CI, wartości z oferty; ops/sql/po-migracji-historia.sql — raport, ZERO RAISE EXCEPTION w kodzie; ops/scripts/prod-deploy-ghcr.sh:79-133 — krok 3.5 (bramka + rollback) i 3.6 (raport); .github/workflows/ci.yml — cztery kroki po seedzie; ops/scripts/asercje-czerwienia-sie.sh — 10 naruszeń, każde na właściwej asercji; apps/api/src/test/asercje-po-migracji.spec.ts (36). Usunięte: ops/sql/sprawdz-baze-po-migracji.sql",PARYTET,—,S,"Stan 2026-08-22: ZAMKNIĘTE. Sześć zamkniętych blokerów zostawiło plik asercji o stanie bazy po migracjach. Plik był porządny i biegł w JEDNYM miejscu: w CI, na świeżej bazie testowej — czyli dokładnie tam, gdzie nie ma prawdziwych danych. Produkcja po `prisma migrate deploy` nie była sprawdzana NICZYM; `migrate deploy` kończy się zerem, gdy pliki SQL się wykonały, i nie mówi nic o tym, czy baza jest po nich w stanie, w którym kod policzy dobrze. | DLACZEGO NIE DAŁO SIĘ PO PROSTU DOPISAĆ TEGO PLIKU DO DEPLOYU: część twierdzeń wywaliłaby wdrożenie bez powodu. Asercja „są plany prototypowe"" dotyczy rzeczy, które tworzy SEED, a seed na produkcji nie biegnie. Gorsza była druga: pilnowała, żeby verris-hosting kosztował dokładnie 45,00 — a cenę WOLNO zmienić z panelu (plans.service.ts, updatePlan). Pierwsza legalna podwyżka zamieniłaby każde kolejne wdrożenie w rollback, a wtedy ktoś słusznie wyłączyłby całe sprawdzanie. Tego nie zauważyłem od razu — zobaczyłem dopiero, gdy własny strażnik zapalił się na isPublic i zamiast go poluzować sprawdziłem, czy cena jest edytowalna. Była. | TRZY PLIKI, TRZY RÓŻNE ŻYCIA: niezmienniki (CI i produkcja, blokują) — twierdzenia, których nie unieważni żadna legalna zmiana biznesowa; katalog (TYLKO CI) — dzisiejsza decyzja handlowa, w CI zmienia się w jednym commicie razem z PLAN_PRODUKCYJNY i treścią strony; historia (CI i produkcja, tylko raport) — dane sprzed migracji, których migracja nie naprawia i nie miała naprawiać; wycofanie wdrożenia z tego powodu byłoby karą za przeszłość, nie ochroną przed błędem. | Z Z-13 do niezmienników przeszły dwa twierdzenia, których panel nie może naruszyć: istnienie wiersza o slugu verris-hosting (slug stoi na sztywno w plan-produkcyjny.ts) oraz reguła cennika, którą API wymusza przy zapisie (ceny dodatnie, rok >= 6x miesiąc) — API pilnuje jej przy zapisie, baza nie pilnuje wcale, a migracja danych zapisuje Z POMINIĘCIEM API. | JEDNA REGUŁA, JEDNO MIEJSCE: blok M-06 sprawdzał sumy korekty, które obejmuje już Z-01 (korekta to wiersz w Invoice) — druga kopia nigdy by nie wystartowała, a przy zmianie zasad ktoś poprawiłby jedną z dwóch. Usunięta. | DWIE CICHE PUŁAPKI W SAMYM WYWOŁANIU: `psql -U ""${POSTGRES_USER:?}""` — przy pustej zmiennej psql połączyłby się z bazą o nazwie użytkownika i asercje przeszłyby na PUSTEJ, NIEWŁAŚCIWEJ bazie; `sh -c` zamiast `sh -lc` — skrypt profilu czytający stdin zjadłby SQL i psql dostałby pusty plik. | ASERCJA, KTÓRA SIĘ NIE CZERWIENI, NIE JEST BRAMKĄ: ops/scripts/asercje-czerwienia-sie.sh psuje po jednym niezmienniku naraz w transakcji z ROLLBACK-iem i sprawdza DWIE rzeczy — kod wyjścia różny od zera ORAZ że powodem jest TA asercja. Drugi warunek nie jest ozdobą: w pierwszym przebiegu trzy przypadki M-06 świeciły na czerwono, a naprawdę odbijał je CHECK w bazie, zanim asercja zdążyła cokolwiek zobaczyć (ta sama lekcja co Z-01 i H-20). | Czerwieni się na starym kodzie: jeden plik + brak asercji w deployu → 11 z 36; `|| true` zamiast bramki → 1; RAISE EXCEPTION w pliku historii → 1; katalog wpuszczony na produkcję → 1. | CZEGO NIE ROBI: nie cofa schematu (rollback wraca do poprzedniego obrazu, migracje zostają); nie sprawdza katalogu na produkcji — cena może się tam rozjechać z PLAN_PRODUKCYJNY i deploy tego nie zauważy (to bliżej monitoringu niż bramki); asercje-czerwienia-sie.sh NIE WOLNO uruchamiać na produkcji, bo zdejmuje ograniczenia CHECK wewnątrz transakcji. | D3 powstanie przy pierwszym deployu na main, w logu wdrożenia, z datą. Dokumentacja: docs/archiwum/zadania/X-25-asercje-po-migracji.md"
X-26,X,Skrypty powłoki mają bit wykonywalności — także po świeżym git clone,—,—,—,—,—,DZIAŁA,"apps/api/src/test/skrypty-wykonywalne.spec.ts (3) — żaden .sh w repozytorium bez bitu wykonywalności; 82 skrypty przestawione na tryb 100755 (16 z nich miało 100644, w tym restore-drill-isolated.sh z bramki startu i pięć uruchamianych na węzłach produkcyjnych); docs/ops/RESTORE_TEST.md — usunięte obejście `chmod +x` sprzed uruchomienia",PARYTET,—,S,"Odkryte przy X-25, dzień po zamknięciu mechanizmu H-20. Runbook, dokumentacja zadania i MAIL PRZYPOMINAJĄCY do administratora mówią jednym głosem: `cd /opt/verris && ./ops/scripts/restore-drill-isolated.sh --owner ""…""` — a plik miał w gicie tryb 100644. Na świeżym `git clone` to polecenie kończy się „Permission denied"". Czyli procedura, którą właśnie zamieniliśmy w bramkę startu sprzedaży, nie dawała się wykonać w sposób, w jaki sama każe siebie wykonywać. | Szesnaście skryptów miało ten sam problem, w tym pięć uruchamianych na węzłach produkcyjnych (node-app-install, node-db-upgrade, node-offsite-backup, node-php-apply, node-wp-install). | ŚLAD PO TYM BŁĘDZIE LEŻAŁ W REPOZYTORIUM OD DAWNA: docs/ops/RESTORE_TEST.md kazał wpisać `chmod +x` PRZED uruchomieniem, a Dockerfile.api robi `chmod +x` na entrypoincie. Obejścia działały, więc nikt nie naprawił przyczyny — a każde z nich było zapisanym w repozytorium dowodem, że przyczyna istnieje. To jest ten sam kształt co „bramka, która raportuje zamiast bramkować"": objaw obsłużony, przyczyna zostaje. | REGUŁA JEST BEZWYJĄTKOWA i to jest jej najważniejsza cecha. Lista „te skrypty wolno mieć nieuruchamialne, bo woła je bash"" musiałaby być utrzymywana obok prawdziwych wywołań, czyli byłaby kolejnym wystąpieniem bliźniaczych miejsc (Z-12, Z-16, M-06, X-24). Skrypt wykonywalny działa pod `bash x.sh` tak samo dobrze, więc reguła bez wyjątków nic nie kosztuje. | Strażnik czyta TRYB Z DYSKU, nie z indeksu gita: liczy się to, co dostaje maszyna po `git clone`, a actions/checkout wypisuje pliki dokładnie z trybami z indeksu. Czytanie dysku działa też tam, gdzie kopia robocza nie jest repozytorium, i nie wymaga drugiej ścieżki kodu na wypadek braku gita. | Ma też kontrolę „strażnik w ogóle coś widzi"" (ponad 50 skryptów, w tym ten z bramki startu) — bez niej cała reszta przechodziłaby trywialnie na pustej liście, gdyby `find` przestał trafiać. | Czerwieni się na starym kodzie: 1 z 3 testów, z wypisaną listą wszystkich szesnastu plików. | CZEGO NIE ROBI: nie sprawdza shebangów ani tego, czy skrypt w ogóle da się uruchomić — tylko bit wykonywalności."
X-27,X,"Obraz, który trafia na serwer, buduje się przed scaleniem",—,—,—,—,—,DZIAŁA,"Dockerfile.api / Dockerfile.panel — ponowna instalacja PO `COPY libs libs`; package.json — pnpm.overrides @prisma/client 6.19.3 (drzewo znów ma jedną wersję); .github/workflows/ci.yml — job `Obraz API (build bez push)`; apps/api/src/test/obrazy-dockera.spec.ts (14). Przyczyna deployu #63: „Could not resolve @prisma/client""",PARYTET,—,S,"Zamknięte 2026-08-22, wykryte przez wdrożenie #63 — pierwsze po scaleniu sprintu 2. Wysypał się build obrazu verris-api, czyli krok PRZED dotknięciem serwera: produkcja została nietknięta, migracje nie poszły. | DWIE PRZYCZYNY, NIE JEDNA. (1) `COPY libs libs` w etapie budowania kładzie katalogi pakietów na te, które zostawił etap `deps`, i pakiet traci WŁASNE node_modules. Dopóki każda zależność lądowała w node_modules katalogu głównego (linker hoisted), nie było tego widać — założenie trzymało się PRZYPADKIEM. (2) Przestało być prawdą przy X-18: apps/www podniosło Payloada, jego adapter postgresowy ciągnie drizzle-orm, a to ma @prisma/client jako peer OPCJONALNY; pnpm dociąga takie peery samo (autoInstallPeers), więc w drzewie stanęły DWIE wersje — 7.9.1 na górze i nasza 6.19.3 w libs/database. Po COPY zostawała tylko ta z góry, a `prisma generate` z CLI 6.19.3 nie umie pracować z klientem 7.x. | Poprawki są dwie, bo błędy są dwa: pnpm.overrides sprowadza drzewo do jednej wersji klienta (to naprawia TEN przypadek i chroni też obraz runtime, który kopiuje node_modules katalogu głównego), a ponowna instalacja w obrazach znosi założenie o hoistowaniu (to chroni przed następnym pakietem w dwóch wersjach). Dockerfile.panel dostał tę samą poprawkę mimo że jeszcze nie wybuchł — naprawiona jedna kopia i zostawiona druga to wzorzec, który dał Z-12, Z-16 i X-24. | NAJWAŻNIEJSZE ZNALEZISKO STRUKTURALNE: obraz, który JAKO JEDYNY trafia na serwer, powstawał wyłącznie w workflow wdrożeniowym — czyli PO scaleniu do main. Bramka scalenia sprawdzała lint, typy, 605 testów, migracje i asercje bazy, i nie sprawdzała tej jednej rzeczy. `pnpm build` w repozytorium przechodzi, bo tam node_modules są kompletne; rozjeżdżało się wyłącznie w układzie plików wewnątrz obrazu. Dlatego CI dostało job budujący Dockerfile.api bez pushowania. | DWA RAZY UWIERZYŁEM W WYNIK, KTÓRY NICZEGO NIE DOWODZIŁ: raz pnpm nie przeliczył lockfile'a i override wyglądał na nieskuteczny; raz uproszczone repozytorium testowe nie zawierało package.json apps/www, czyli pakietu ciągnącego 7.9.1 — więc wynik wyglądał dobrze z niewłaściwego powodu. Rozstrzygnięte dopiero na pełnym drzewie zależności. Ta sama rodzina co Z-01 i H-20. | Czerwieni się na starym kodzie: 7 z 14. | CZEGO NIE ROBI: CI nie buduje obrazów paneli (własny Dockerfile, ~2,5 min każdy, bez Prismy) — jeżeli kiedyś wywali się panel, job dostanie drugą pozycję w macierzy, a nie listę wyjątków. Dokumentacja: docs/archiwum/zadania/X-27-obraz-api-w-ci.md"
X-28,X,"Reguła alertowa ma odbiorcę, a nie tylko próg",—,—,—,—,—,DZIAŁA,"ops/observability/grafana/provisioning/alerting/rules.yaml — 13 reguł, 2 grupy, provisionowane z repo; ops/observability/prometheus.yml — bez rule_files, z opisem dlaczego; ops/observability/grafana/provisioning/datasources/datasources.yml — uid: Prometheus; docker-compose.prod.yml — bez montowania usuniętego alerts.yml; ops/observability/grafana/migracja-regul-do-grafany.py — zapis, jak powstał wynik; apps/api/src/test/routing-alertow.spec.ts (31); docs/ops/GRAFANA_ALERTING.md",PARYTET,—,S,"Zamknięte 2026-08-22. Wykryte przy zamykaniu H-23: kopia bazy nie wykonała się ani razu przez ponad miesiąc, a reguła VerrisPostgresBackupStale z severity: critical i progiem 25 h zapaliła się POPRAWNIE — tylko nie miała dokąd. | DWIE POŁOWY JEDNEGO MECHANIZMU, ŻADNA NIE DZIAŁA BEZ DRUGIEJ. Prometheus miał trzynaście reguł (pięć krytycznych) ładowanych przez rule_files i NIE MIAŁ sekcji `alerting:`; w całym repozytorium nie było usługi alertmanager. Grafana miała punkt kontaktowy (dominik@hvln.pl), politykę powiadomień i działający SMTP — i ZERO reguł. | DOKUMENT BYŁ CZĘŚCIĄ PROBLEMU: docs/ops/GRAFANA_ALERTING.md kazał „ręcznie odzwierciedlić progi z pliku YAML"". Instrukcja ręcznego przepisania trzynastu progów przez człowieka to opis długu, nie procedura; nikt tego nie zrobił i nie było jak zauważyć, że nie zrobił. | RODZINA: ta sama co X-14, X-23, H-19, H-20, X-27 — kontrola, która melduje zamiast zatrzymywać — tylko o krok dalej. Tam mechanizm istniał i niczego nie bramkował; tu alarm istnieje, działa i nie ma odbiorcy. Sygnał bez odbiorcy jest gorszy od braku sygnału, bo wygląda jak zabezpieczenie. | PRZENIESIONE, NIE SKOPIOWANE. Reguły stoją teraz po stronie Grafany, alerts.yml usunięty, rule_files wycięte, montowanie wyjęte z compose. Skopiowanie dałoby SZÓSTE wystąpienie „bliźniaczych miejsc"" (Z-12, Z-16, M-06, X-24, H-24): dwa egzemplarze jednej reguły, jeden poprawiony przy zmianie progu, drugi zapomniany. | UID ŹRÓDŁA DANYCH wpisany wprost — bez niego Grafana nadaje go losowo, a odwołanie do nieistniejącego źródła nie rzuca błędem: panel jest pusty, reguła nie ma czego policzyć. Ten sam cichy tryb awarii co reszta pozycji. | JEDNA REGUŁA INNA OD POZOSTAŁYCH: VerrisPostgresBackupStale ma noDataState: Alerting, reszta OK. Dla dwunastu reguł brak serii poprawnie znaczy „warunek niespełniony""; dla kopii bazy „metryka zniknęła"" i „kopia jest świeża"" wyglądałyby identycznie — a to jest dokładnie ten przypadek, który kosztował miesiąc. `for: 30m` chroni przed alarmem przy restarcie API. | PRZEPISYWANIE SKRYPTOWE, nie ręczne: trzynaście progów przepisanych palcami to trzynaście okazji na literówkę, której nikt nie sprawdzi. | Czerwieni się na starym kodzie: 26 z 31. Pięć asercji przechodziło i przed poprawką (punkt kontaktowy, polityka) — bo ta połowa naprawdę była w porządku; strażnik, który czerwieni się cały, zwykle sprawdza własną tezę zamiast kodu. | CZEGO NIE DOWODZI: że mail DOCHODZI. To dowód D3 — wymaga zapalonego alertu na produkcji i listu w skrzynce, z datą. Otwarty punkt w docs/ops/GRAFANA_ALERTING.md §3; najtaniej sprawdzić na VerrisSecurityWatchStale (zatrzymać timer na 20 minut). Uznanie pozycji za domkniętą na podstawie samego provisioningu byłoby rozumowaniem zakazanym w tym projekcie. | CZEGO NIE OBEJMUJE: eskalacji i dyżurów (jeden odbiorca, jeden adres — przy jednoosobowym zespole to właściwa wielkość), Slacka (wyłączony do czasu kanału), wyciszeń. Dokumentacja: docs/archiwum/zadania/X-28-alert-bez-adresata.md | DOWÓD D3 DOSTARCZALNOŚCI — 2026-08-23, dostarczony przez awarię, nie przez test. Przy X-30 reguły z execErrState: Alerting zapaliły się na błędzie ewaluacji i DZIESIĘĆ maili dotarło na dominik@hvln.pl z tematami [FIRING:1] <alertname> <severity> (Verris). Droga Grafana → SMTP → Postfix na panelu → mail.hvln.pl → skrzynka jest potwierdzona na całej długości. | TEN PRZYPADEK POTWIERDZIŁ TRZY RZECZY, KTÓRYCH PLANOWANY TEST JEDNEGO ALERTU BY NIE POTWIERDZIŁ: (1) droga do skrzynki działa; (2) migracja nie pogubiła nazw ani wag — tematy pokazały critical przy VerrisRuntimeErrorsHigh, VerrisOpenMajorIncident, VerrisSecurityWatchFindings i VerrisProvisioningQueueFailed oraz warning przy pozostałych, dokładnie jak w usuniętym alerts.yml; (3) progi `for:` przetrwały migrację — zapaliło się DZIESIĘĆ z trzynastu, a nie zapaliły się dokładnie te trzy z najdłuższym for: VerrisPostgresBackupStale (30 m), VerrisStatusWebhookFailed (30 m) i VerrisSecurityWatchStale (20 m), bo od restartu nie minęło tyle czasu. Skrypt migracyjny mógł te wartości po cichu przekręcić i żaden test w CI by tego nie zobaczył — zobaczyła to skrzynka."
X-29,X,Wdrożenie dowozi konfigurację obserwowalności na serwer,—,—,—,—,—,DZIAŁA,"ops/scripts/prod-deploy-ghcr.sh — krok 4.5: OBS_SERVICES, promtool check config przed restartem, compose up -d + compose restart, sprawdzenie /api/health i /-/healthy po restarcie, exit 1 gdy nie wrócą; apps/api/src/test/wdrozenie-obserwowalnosci.spec.ts (8)",PARYTET,—,S,"Zamknięte 2026-08-23. Wykryte przy X-28, pytaniem kontrolnym: co się właściwie stanie po wdrożeniu poprawki, która przenosi reguły alertowe do Grafany? Odpowiedź: NIC. | MECHANIZM: prod-deploy-ghcr.sh robi na serwerze checkout repozytorium do wdrażanego SHA, więc nowe pliki lądują na dysku — po czym restartuje wyłącznie APP_SERVICES=""api client-panel staff-panel admin-panel status-page www"". Prometheusa i Grafany na tej liście nie ma, a oba czytają konfigurację TYLKO przy starcie kontenera i oba mają ją podmontowaną z repozytorium. | ZASIĘG SZERSZY NIŻ ALERTY: tą samą drogą nie docierało na produkcję wszystko pod ops/observability/ — cele scrapowania i retencja w prometheus.yml, źródła danych, dwadzieścia kilka dashboardów Grafany, punkty kontaktowe i polityki. Każda zmiana w tych plikach od ostatniego RĘCZNEGO restartu Grafany istniała wyłącznie w repozytorium. | RODZINA: ten sam kształt co X-28 (alarm bez odbiorcy), X-14 i X-23 (kontrola, która melduje zamiast zatrzymywać) i H-20 (procedura bez dowodu wykonania) — COŚ WYGLĄDA NA ZROBIONE, BO ISTNIEJE. Zielone CI, zielony deploy, plik na dysku, pozycja zamknięta — i zero zmiany w działającym systemie. Różnica: tu zawodziło ostatnie ogniwo, nie budowa ani test, tylko DOSTARCZENIE. | POPRAWKA: krok 4.5, dwa polecenia zamiast jednego. `up -d` odtwarza kontener, gdy zmieniła się DEFINICJA usługi (X-28 usunęło montowanie alerts.yml); `restart` wymusza ponowne wczytanie, gdy zmieniła się tylko TREŚĆ podmontowanego pliku — tego compose nie widzi. | BEZWARUNKOWO, nie „gdy się zmieniło"": porównanie z poprzednim SHA wymagałoby obu wersji w repozytorium na serwerze, a fetch jest tam płytki (--depth 1); nieudane porównanie skończyłoby się cichym „brak zmian → nie restartuj"", czyli dokładnie tym błędem, który ta pozycja naprawia. Kilkanaście sekund przerwy w metrykach kontra miesiąc bez kopii bazy. | SPRAWDZENIE PRZED: promtool check config przez `compose run --rm --no-deps --entrypoint promtool`, a nie `exec` — świeży kontener z tą samą definicją, więc sprawdzenie działa także wtedy, gdy Prometheus akurat leży; przy `exec` padałoby w jedynym momencie, w którym naprawdę zależy nam na restarcie. Restart na zepsutej konfiguracji zdejmuje monitoring, a zauważyć to miał właśnie monitoring. | SPRAWDZENIE PO: „wydałem polecenie restartu"" to nie to samo co „wróciły"" — /api/health Grafany i /-/healthy Prometheusa (pytany Z KONTENERA Grafany, bo obraz Prometheusa nie ma czym wykonać zapytania HTTP), 20 prób co 3 s, potem exit 1. | KOLEJNOŚĆ W DWIE STRONY: krok jest PO bramce zdrowia i PO zapisaniu .last-good-image-tag, żeby awaria monitoringu nie wywróciła sprawnego wdrożenia; kończy się exit 1, a nie ostrzeżeniem, żeby wdrożenie nie uchodziło za skończone, zanim monitoring dostanie nową konfigurację. | Czerwieni się na starym kodzie: 6 z 8. Dwie przechodziły i przedtem — w tym ta o APP_SERVICES, bo Prometheusa i Grafany naprawdę tam nie było (tyle że nie było ich też nigdzie indziej). | CZEGO NIE DOWODZI: że po najbliższym wdrożeniu Grafana MA reguły — to obserwacja na produkcji (D3): Alerting → Alert rules powinno pokazać trzynaście reguł w folderze Verris. | Deploy #66 (scalenie X-28) poszedł jeszcze STARYM skryptem, więc pliki wjechały na serwer, a monitoring został z poprzednią konfiguracją; naprawia się to samo przy pierwszym wdrożeniu z tą zmianą. Dokumentacja: docs/archiwum/zadania/X-29-obserwowalnosc-nie-docierala-na-produkcje.md"
X-30,X,"Reguły alertowe nie tylko są wczytane, ale się liczą",—,—,—,—,—,DZIAŁA,"ops/observability/grafana/provisioning/datasources/datasources.yml — deleteDatasources przed deklaracją, uid: Prometheus; ops/scripts/prod-deploy-ghcr.sh — krok 4.6: grafana_alerting_rule_group_rules > 0 oraz podwójny odczyt grafana_alerting_rule_evaluation_failures_total w odstępie 75 s, exit 1 przy przyroście; apps/api/src/test/reguly-alertowe-licza-sie.spec.ts (11). DOWÓD D3: wdrożenie #68 zielone przez krok 4.6; log Grafany po restarcie 11:01:46 bez „Failed to build rule evaluator"" (wszystkie wystąpienia 10:58–11:01:39, czyli sprzed restartu); „inserting datasource from configuration"" name=Prometheus uid=Prometheus.",PARYTET,—,S,"ZAMKNIĘTE 2026-08-23. | CO SIĘ STAŁO: wdrożenie #67 przeszło na zielono, krok X-29 zrobił swoje (promtool przyjął konfigurację, oba kontenery wstały, oba odpowiedziały na health-check), Grafana zalogowała „starting to provision alerting"" i „finished"", trzynaście reguł stanęło w jej bazie — i wszystkie trzynaście waliło się co trzydzieści sekund: „Failed to build rule evaluator / failed to build query 'A': data source not found"". Łącznie z VerrisPostgresBackupStale, czyli tą jedyną, dla której to wszystko było robione. | PRZYCZYNA: reguły odwołują się do źródła danych po uid. X-28 dopisało uid: Prometheus do datasources.yml i to NIE WYSTARCZYŁO — Grafana przy provisioningu aktualizuje istniejące źródło po NAZWIE i zostawia mu uid nadany przy pierwszym utworzeniu, czyli losowy. Dashboardy tego nie zauważyły, bo mają starą, nazwową ścieżkę zgodności; reguły alertowe takiej nie mają. | MÓJ BŁĄD, NAZWANY WPROST: strażnik X-28 sprawdzał, że datasourceUid użyty w regułach WYSTĘPUJE w datasources.yml. Występował. Plik był spójny z plikiem — i to nie dowodziło niczego o działającym systemie, bo pytanie nie brzmiało „czy napis się zgadza"", tylko „czy Grafana rozwiąże to odwołanie"". Test zgodności plików nie widzi semantyki upsertu Grafany. Ta sama pułapka co Z-01, H-20 i dwa razy przy diagnozie @prisma/client: test przechodzi, system nie działa. Napisałem o niej w komentarzu do X-28 i wpadłem w nią godzinę później. | POPRAWKA 1 — źródło danych jest ODTWARZANE, nie aktualizowane: deleteDatasources wykonuje się PRZED wstawieniem, więc źródło powstaje od nowa z uid-em z repozytorium. Rekord jest w całości zadeklarowany w pliku, więc nie ma czego stracić. Przy okazji naprawia dashboardy: przestają zależeć od ścieżki zgodności. | POPRAWKA 2 — krok 4.6 pyta DZIAŁAJĄCĄ Grafanę: grafana_alerting_rule_group_rules musi być > 0 (pusty provisioning wygląda identycznie jak zdrowa Grafana), a grafana_alerting_rule_evaluation_failures_total odczytywany DWA RAZY w odstępie 75 s — liczy się PRZYROST, nie wartość, bo pojedyncze niepowodzenie tuż po restarcie jest normalne, a odstęp musi być dłuższy niż cykl najkrótszej grupy (30 s), inaczej zero błędów znaczy tylko „nic się jeszcze nie policzyło"". | CZEGO SIĘ NIE DA ZROBIĆ INACZEJ: naturalny odruch to „alarm o niedziałających alarmach"", czyli reguła na increase(...failures_total). NIE ZADZIAŁA w tym przypadku — meta-reguła jest regułą Grafany i liczy się z tego samego źródła danych; gdy źródło jest zepsute, ona też milczy. Łapie pojedynczą regułę z błędnym wyrażeniem, nie łapie złamanego źródła. Ten przypadek łapie WYŁĄCZNIE bramka we wdrożeniu, bo pyta z zewnątrz. Nie dokładam meta-reguły, bo dałaby poczucie pokrycia, którego nie ma. | Czerwieni się na starym kodzie: 7 z 11. routing-alertow.spec.ts zostaje bez zmian — sprawdzanie zgodności plików jest POTRZEBNE, okazało się tylko NIEWYSTARCZAJĄCE. | JAK ZAMKNĄĆ: zielony deploy + brak „Failed to build rule evaluator"" w logu Grafany. Dokumentacja: docs/archiwum/zadania/X-30-reguly-wczytane-ale-nieliczace-sie.md | ZAMKNIĘTE 2026-08-23 — DOWÓD D3 Z LOGU PRODUKCYJNEJ GRAFANY. Wdrożenie #68 (2788011) przeszło przez nowy krok 4.6 i trwało 9m54s, czyli o te 75 sekund dłużej — krok przechodzi tylko wtedy, gdy Grafana ma reguły I licznik nieudanych ewaluacji nie urósł. W logu: 11:01:46 „deleted datasource based on configuration"" name=Prometheus, zaraz po tym „inserting datasource from configuration"" name=Prometheus uid=Prometheus. Wszystkie wpisy „Failed to build rule evaluator"" mają znacznik 10:58–11:01:39, czyli SPRZED restartu; po 11:01:46 nie ma ANI JEDNEGO. Wpisy „Detected stale state entry ... reason=Error"" o 11:02–11:03 to Grafana sprzątająca stare wpisy w stanie Alerting-z-powodu-błędu, stąd wiadomości [RESOLVED]. | POTWIERDZENIE UBOCZNE, MOCNIEJSZE OD SAMEGO LOGU: reguła VerrisProvisioningQueueFailed NIE ucichła po naprawie — wysyła alarm co minutę od 11:12, a ma for: 10m przy restarcie 11:01:46, więc pierwsze zapalenie o 11:12 zgadza się co do sekundy. To znaczy, że warunek verris_provisioning_queue_depth{state=""failed""} > 0 jest PRAWDZIWIE spełniony: alerting zaczął działać i w ciągu dziesięciu minut znalazł na produkcji coś realnego. Reguła, która zapala się z właściwego powodu, dowodzi więcej niż cisza. Osobna pozycja."
X-31,X,Kanał alertów daje znak życia (dead man's switch),—,—,—,—,—,DZIAŁA,"ops/observability/grafana/provisioning/alerting/rules.yaml — grupa verris_kanal_alertow, reguła VerrisKanalAlertowZyje (vector(1), for: 0s, oba stany awaryjne na Alerting, etykieta kanal: heartbeat); policies.yaml — gałąź object_matchers kanal=heartbeat, repeat_interval 24h; apps/api/src/test/routing-alertow.spec.ts (5 asercji X-31); docs/ops/GRAFANA_ALERTING.md §4. BRAK: pierwszego maila [FIRING:1] VerrisKanalAlertowZyje — dowód D3 jeszcze nie powstał.",PARYTET,—,S,"Stan 2026-08-23: ZROBIONE W KODZIE (D2), D3 powstanie przy pierwszym mailu. Decyzja właściciela produktu: wariant „jeden mail na dobę"". | PROBLEM: po naprawie X-30 alerty ucichną, a cisza będzie znaczyła „nic się nie pali"" — i będzie wyglądała IDENTYCZNIE jak: Grafana padła, Postfix przestał przyjmować, mail.hvln.pl zaczął odrzucać albo wrzucać do spamu, ktoś zmienił adres w punkcie kontaktowym, polityka przestała pasować do etykiet. To dokładnie ta sama cisza, która przez miesiąc znaczyła „kopia bazy jest w porządku"" (H-23) i kosztowała wszystkie kopie zapasowe. | ROZWIĄZANIE: VerrisKanalAlertowZyje — reguła vector(1), pali się ZAWSZE, jej BRAK jest sygnałem. for: 0s, noDataState: Alerting, execErrState: Alerting — nie da się jej „nie zapalić"": normalnie warunek jest spełniony, a gdyby źródło danych przestało odpowiadać, oba stany awaryjne też prowadzą do Alerting. Milczenie ma znaczyć awarię, nigdy spokój. | JEDEN MAIL NA DOBĘ, NIE SZEŚĆ: osobna gałąź polityki na etykiecie kanal: heartbeat z repeat_interval 24h. Na domyślnej (4h) byłoby sześć dziennie, a alert przychodzący sześć razy dziennie przestaje być czytany po tygodniu — wtedy przestaje cokolwiek dawać, bo jego BRAK jest jedyną informacją, jaką niesie. Strażnik pilnuje osobno, że polityka domyślna NIE została przy okazji przestawiona na dobę: prawdziwy alarm ma się przypominać co cztery godziny. | HACZYK, KTÓRY TRZEBA NAZWAĆ: mail, którego się nie czyta, wraca do punktu wyjścia. Jeśli po tygodniu przestanie być zauważany, reguła przestaje działać — nie dlatego, że jest zepsuta, tylko dlatego, że przestała być czytana. Tego nie da się naprawić kodem. | CZEGO NIE OBEJMUJE: awarii całego serwera (heartbeat mieszka na tej samej maszynie co Grafana i milczy razem z nią — odporny byłby watchdog SPOZA naszej infrastruktury, pukany cronem; nie ma go i to świadoma decyzja, nie przeoczenie) ani poprawności pozostałych reguł (tego pilnuje bramka z X-30). | Czerwieni się na starym kodzie: 5 z 36. | Doszła lista DOPISANE_POZNIEJ, trzymana osobno od ALERTY: tamta odpowiada na pytanie „czy migracja czegoś nie zgubiła"" i ma zostać zamrożona, ta na „czy ktoś czegoś po cichu nie dołożył"". Dokumentacja: docs/archiwum/zadania/X-31-znak-zycia-kanalu-alertow.md | 2026-09-22 D3: wlasciciel potwierdza, ze mail [FIRING:1] VerrisKanalAlertowZyje przychodzi codziennie. Kanal alertow dziala koniec-do-konca."
X-32,X,"Martwy job da się odrzucić z panelu, ze śladem w audycie",—,—,—,—,—,DZIAŁA,"apps/api/src/common/audit/audit.actions.ts — PROVISIONING_JOB_DISCARDED_BY_ADMIN; provisioning-queue.service.ts — odrzucJob (getState() === failed, ślad przed job.remove(), audyt z subskrypcją, typem, liczbą prób, failedReason i powodem); provisioning-queue.admin.controller.ts — POST :id/odrzuc za @StaffPerm('PROVISIONING_MANAGE'); apps/admin-panel/.../provisioning-queue/ — actions.ts, odrzuc-button.tsx (dwa kliknięcia, powód ≥5 znaków, zdanie o nietkniętej subskrypcji), page.tsx; apps/api/src/test/odrzucenie-martwego-joba.spec.ts (13). BRAK: pierwszego odrzucenia na produkcji — dowód D3 jeszcze nie powstał.",PARYTET,—,S,"Stan 2026-08-23: ZROBIONE W KODZIE (D2), D3 przy pierwszym odrzuceniu na produkcji — a to da się zrobić od razu po wdrożeniu, w odróżnieniu od Z-18, który czeka na węzeł. Decyzja właściciela produktu: dorobić akcję w panelu zamiast jednorazowego czyszczenia Redisa. | JAK TO WYSZŁO: X-30 naprawiło alerting, VerrisProvisioningQueueFailed zapalił się z prawdziwego powodu i wskazał cztery martwe joby (to z nich wyszło Z-18). Naturalny następny ruch — usunąć je — okazał się NIEWYKONALNY: panel ma przy nich wyłącznie „Retry"", a kontroler administracyjny dokładnie dwa endpointy, listowanie i ponowienie. Retry nic nie daje, bo węzła nie ma: job padnie ponownie, podbije licznik prób i dołoży wpisy do audytu — cztery martwe joby zamieniają się w cztery martwe joby z dłuższą historią. Zostawało grzebanie w Redisie ręcznie, czyli zmiana stanu produkcyjnego dotyczącego subskrypcji klientów BEZ ŚLADU W AUDYCIE. | TO NIE JEST USTERKA TYCH CZTERECH JOBÓW, tylko luka w warstwie operatorskiej, która ujawni się ponownie przy pierwszym prawdziwym niepowodzeniu provisioningu — z tą różnicą, że wtedy po drugiej stronie będzie klient. | ROZWIĄZANIE: POST /admin/provisioning-queue/:id/odrzuc + przycisk „Odrzuć"" obok Retry. TRZY REGUŁY: (1) TYLKO STAN failed — usunięcie joba aktywnego albo czekającego osierociłoby provisioning w trakcie, konto na węźle mogłoby powstać, a system przestałby o nim wiedzieć; ograniczenie siedzi w usłudze, nie w kontrolerze, bo to reguła o kolejce, nie o HTTP; (2) POWÓD WYMAGANY, tak samo jak przy retry — operacja bez powodu to operacja, której za pół roku nikt nie wyjaśni; (3) NAJPIERW ODCZYT, POTEM USUNIĘCIE — ślad zbierany PRZED job.remove(), bo po usunięciu nie ma już czego odczytać; zapisujemy subskrypcję, joba, typ, liczbę prób, ostatni błąd i powód. Po Z-18 ten ostatni błąd niesie PRAWDZIWĄ przyczynę, więc wpis ma realną wartość dowodową — jeszcze wczoraj zapisałby zdanie o brakującym pakiecie DirectAdmina, którego nigdy nie brakowało. | OSOBNA AKCJA AUDYTU (PROVISIONING_JOB_DISCARDED_BY_ADMIN), nie wariant retry: w raportach odrzucenie i ponowienie to dwie różne decyzje i nie wolno im się zlewać. | DWA KLIKNIĘCIA, NIE JEDNO: retry można cofnąć następnym retry, odrzucenia nie da się cofnąć wcale. Potwierdzenie jest po to, żeby ta różnica była wyczuwalna w palcach. | ZDANIE PRZY PRZYCISKU: „Usuwa wpis z kolejki bez możliwości cofnięcia. Subskrypcja zostaje nietknięta."" Operator ma prawo założyć, że „odrzuć"" anuluje zamówienie — nie anuluje. Musi to być napisane tam, gdzie się klika, a nie w dokumentacji, której nikt nie otworzy w trakcie incydentu. | Czerwieni się na starym kodzie: 11 z 13. | DWIE UWAGI O SAMYCH TESTACH: odczyty plików panelu są LENIWE, bo odczyt na poziomie describe wywalał cały plik testowy, zanim cokolwiek się policzyło — a wtedy nie wiadomo, ILE asercji się czerwieni, tylko że „nie skompilowało się""; asercja o warunku row.failedReason nie mierzy odległości w znakach, tylko relację między warunkiem a przyciskiem, bo wersja licząca znaki zepsuła się od dopisania komentarza i kusiło, żeby poszerzyć okno zamiast poprawić asercję — to byłoby naprawianie testu zamiast kodu. | CZEGO NIE OBEJMUJE: losu czterech subskrypcji, które dostały zwrot i status PENDING_PAYMENT (odrzucenie joba ich nie dotyka — osobne sprzątanie po stronie bazy); odrzucania hurtem — świadomie, bo przycisk „odrzuć wszystkie"" jest wygodny dokładnie do momentu, w którym ktoś kliknie go na kolejce z prawdziwym zamówieniem. | JAK ZAMKNĄĆ: odrzucić jeden z czterech martwych jobów, obejrzeć wpis PROVISIONING_JOB_DISCARDED_BY_ADMIN w audycie i sprawdzić, że verris_provisioning_queue_depth{state=""failed""} spadło o jeden. Dokumentacja: docs/archiwum/zadania/X-32-odrzucenie-martwego-joba.md | 2026-09-22 D3: wlasciciel odrzucil martwy job przyciskiem 'Odrzuc' w panelu admina na produkcji (potwierdzenie wlasciciela; wpis PROVISIONING_JOB_DISCARDED_BY_ADMIN w audycie)."
X-33,X,"Bramka alertów odróżnia „nie ma"" od „jeszcze nie ma""",—,—,—,—,—,DZIAŁA,"ops/scripts/lib/bramka-regul-alertowych.sh — czekaj_na_reguly (do 20 prób co 3 s, warunek: aktywne == oczekiwane i paused == 0), policz_reguly_w_pliku (liczba odniesienia z rules.yaml), regul_w_stanie, metryka_istnieje (rozróżnienie braku linii od linii z zerem); ops/scripts/prod-deploy-ghcr.sh — krok 4.6a; apps/api/src/test/bramka-regul-nie-myli-braku-z-oczekiwaniem.spec.ts (9 asercji, uruchamia prawdziwą funkcję bashową z atrapą Grafany); apps/api/src/test/reguly-alertowe-licza-sie.spec.ts — kodZBibliotekami(). D3: wdrożenie #73 (2026-08-24) — „OK: 14/14 reguł aktywnych (próba 4)"" (dowód z #71 unieważniony przez X-34). ops/scripts/lib/bramka-regul-alertowych.sh — okno_bramki_sekundy (jedno źródło okna, 180 s).",PARYTET,—,S,"Stan 2026-08-23: ZROBIONE W KODZIE (D2), D3 przy pierwszym ZIELONYM wdrożeniu. | CO SIĘ STAŁO: wdrożenie #70 (b64db02, scalenie X-32) padło na bramce X-30 z komunikatem „Grafana nie ma ANI JEDNEJ reguły alertowej"", podczas gdy Grafana miała w tej samej chwili CZTERNAŚCIE aktywnych reguł (grafana_alerting_rule_group_rules{state=""active""}=14, paused=0). Oś czasu z logu: 15:43:09 restart, 15:43:15 /api/health OK, 15:43:16 odczyt metryki → zero → FAIL. Siedem sekund od restartu. | DLACZEGO ZERO NIE ZNACZYŁO ZERA: w Grafanie 10.4.2 grafana_alerting_rule_group_rules to GaugeVec z etykietami org i state, ustawiany w processTick() — na pierwszym takcie schedulera alertów (domyślnie 10 s), nie przy starcie procesu. Do tego momentu metryka NIE MA W /metrics ANI JEDNEJ LINII; suma z pustki przez awk daje zero i wygląda identycznie jak katastrofa. /api/health odpowiada dużo wcześniej. Wdrożenia #68 i #69 wygrały ten wyścig, #70 przegrało — o werdykcie bramki decydowała szybkość startu, nie stan systemu. | DLACZEGO TO POWAŻNIEJSZE NIŻ JEDEN CZERWONY DEPLOY: bramka, która potrafi zapalić się na zdrowym systemie, uczy człowieka klikać „re-run"" — od tej chwili nie chroni już niczego, a nadal figuruje w audycie jako dowód D2. | NOWY TYP W KOLEKCJI: „kontrola, która nie odróżnia NIE MA od JESZCZE NIE MA"". Mieliśmy bramki meldujące zamiast bramkować (X-14, X-23, H-19, H-20, X-27, X-28), testy niczego niedowodzące (Z-01, H-20, M-06, X-28) i poprawną kontrolę, której się kłamie (Z-18). Pytanie do każdej przyszłej bramki: CZY BRAK DANYCH I ZŁA WARTOŚĆ DAJĄ W NIEJ TEN SAM WYNIK? Jeśli tak — bramka mierzy czas, a nie stan. | ROZWIĄZANIE: logika w osobnym pliku ops/scripts/lib/bramka-regul-alertowych.sh, wczytywanym przez skrypt wdrożeniowy. czekaj_na_reguly odpytuje Grafanę do 20 razy co 3 s i przechodzi dopiero, gdy liczba reguł aktywnych zgadza się z oczekiwaną i żadna nie wisi w stanie paused. TO NIE JEST POLUZOWANIE: stara wersja przepuszczała 9 reguł z 14 (bo 9 > 0) i odrzucała 14 z 14 (bo mierzyła za wcześnie) — nowa robi odwrotnie w obu przypadkach. | TRZY RÓŻNE NIEPOWODZENIA, TRZY RÓŻNE KOMUNIKATY: brak metryki → „scheduler nie wystartował"" (naprawiaj Grafanę); za mało reguł → „prowizjonowanie CZĘŚCIOWE: 9 z 14"" (naprawiaj rules.yaml); reguły paused → „wczytane, ale NIE LICZĄ SIĘ"". Bramka mówiąca jedno zdanie na trzy awarie każe diagnozować od zera — ta sama lekcja co Z-18. | LICZBA ODNIESIENIA Z PLIKU: policz_reguly_w_pliku liczy wpisy „- uid:"" w rules.yaml w chwili wdrożenia. Wpisanie „14"" do skryptu byłoby SZÓSTYM BLIŹNIACZYM MIEJSCEM (Z-12, Z-16, M-06, X-24, H-24). | CZEGO ŚWIADOMIE NIE ZROBILIŚMY: nie skróciliśmy taktu schedulera Grafany — zmiana ustawienia produkcyjnego po to, żeby zadowolić bramkę, odwraca zależność. | STRAŻNIK WYGLĄDA INACZEJ NIŻ POPRZEDNIE i to jest jego sedno: ani jednej asercji typu „w skrypcie występuje słowo sleep"". Test URUCHAMIA PRAWDZIWĄ FUNKCJĘ BASHOWĄ i podstawia jej atrapę Grafany zachowującą się dokładnie tak, jak Grafana o 15:43:16 (trzy odpowiedzi bez metryki, potem czternaście reguł). Właśnie po to logika trafiła do osobnego pliku — dopóki siedziała w skrypcie, jedyną możliwą asercją było czytanie tekstu skryptu, czyli błąd X-28. | Czerwieni się na starym kodzie: 9 z 9 — ale ta liczba jest mało pouczająca, bo na starym stanie repozytorium biblioteki nie ma wcale i wszystko wysypuje się na braku pliku. Zmierzone drugi raz, ze STARĄ SEMANTYKĄ podstawioną pod ten sam interfejs (jeden odczyt, warunek „> 0""): 7 z 9. To uczciwsza liczba — oddziela zmianę zachowania od zniknięcia pliku. | CO ZŁAPALI STRAŻNICY, KTÓRZY JUŻ BYLI (oba miały rację): (1) skrypty-wykonywalne.spec.ts — nowa biblioteka nie miała bitu wykonywalności; kusiło dopisać wyjątek „to plik wczytywany"", ale komentarz tego strażnika mówi wprost, że reguła jest bezwyjątkowa właśnie dlatego, że lista wyjątków byłaby kolejnym bliźniaczym miejscem — chmod +x, strażnik bez zmian; poluzowanie go byłoby JEDENASTYM wystąpieniem rodziny „strażnik dopasowuje własną prozę""; (2) reguly-alertowe-licza-sie.spec.ts (strażnik X-30) — sprawdzał treść prod-deploy-ghcr.sh, a logika przeniosła się do biblioteki; samo usunięcie asercji sprawiłoby, że X-30 pilnuje mniej niż wcześniej nie mówiąc o tym ani słowem, więc strażnik czyta teraz skrypt RAZEM Z BIBLIOTEKAMI, które sam wczytuje, a asercja o pustym provisioningu została WZMOCNIONA z „więcej niż zero"" do „komplet reguł"". | STAN PRODUKCJI PO #70: exit 1 w tym miejscu kończy skrypt PRZED sekcją rollbacku, więc nic się nie cofnęło — na produkcji stoi b64db02, /healthz przeszedł, .last-good-image-tag zapisany, przycisk „Odrzuć"" z X-32 jest live, czternaście reguł się liczy. Wdrożenie było UDANE; nieudana była bramka. | JAK ZAMKNĄĆ: pierwsze zielone wdrożenie z linią „[deploy] OK: 14/14 reguł aktywnych (próba N)"" w logu. Jeżeli N > 1, mamy w logu bezpośredni dowód, że wyścig był prawdziwy. | DOWÓD D3 — WDROŻENIE #71 (2026-08-24, zielone, wszystkie 8 zadań): „09:30:43 czekam na scheduler alertów (oczekuję 14 reguł); 09:31:37 OK: 14/14 reguł aktywnych (PRÓBA 17); 09:32:52 reguły liczą się bez błędów (0 → 0)"". PRÓBA SIEDEMNASTA, nie pierwsza: metryka pojawiła się 54 SEKUNDY po restarcie, nie siedem i nie dziesięć. To nie jest dowód „bramka przeszła"", tylko dowód, że w tym samym miejscu poprzednia wersja padłaby PO RAZ DRUGI na zdrowym systemie. Wdrożenie trwało 3 m 58 s zamiast ~3 m — cała różnica to te 54 sekundy czekania. | TEN SAM LOG WYKRYŁ BŁĄD W MOJEJ WŁASNEJ LICZBIE: zakładałem takt schedulera ~10 s i ustawiłem okno na 60 s (20 prób); zużyliśmy 17, czyli zapas wynosił TRZY PRÓBY — dziewięć sekund. Przy odrobinę wolniejszym starcie Grafany kolejne wdrożenie padłoby dokładnie tak jak #70 i z dokładnie tego samego nie-powodu. Mechanizm był dobry, liczba dobrana na wyczucie, a wyczucie o 80% za optymistyczne. OKNO PODNIESIONE DO 180 s (60 prób co 3 s) — decyzja właściciela produktu: trzykrotny zapas, nie dwukrotny, bo 54 s to JEDNA OBSERWACJA, nie rozkład. Dłuższe okno NIE SPOWALNIA zdrowego wdrożenia ani o sekundę: pętla kończy się w chwili, w której reguły się zgadzają; płacimy wyłącznie przy prawdziwej awarii prowizjonowania — błąd po trzech minutach zamiast po jednej. Dobry kurs wymiany: fałszywy alarm uczy klikać „re-run"", a dwie minuty dłuższego czekania na prawdziwą awarię nie uczą niczego. | I OD RAZU BLIŹNIACZE MIEJSCE, KTÓREGO OMAL NIE ZROBIŁEM: pierwsza wersja poprawki wpisywała 180 do komunikatu w skrypcie, a 60 prób do biblioteki — log mówiłby „do 180 s"" niezależnie od tego, ile bramka naprawdę czeka, i okłamałby pierwszą osobę czytającą go w trakcie awarii. Okno podaje teraz okno_bramki_sekundy i tylko ona. Dwie dodatkowe asercje (razem 11), obie czerwone na kodzie sprzed #71. | DOWÓD D3 COFNIĘTY 2026-08-24: wdrożenie #71 przeszło PRZYPADKIEM, nie dlatego, że bramka działała. „Próba 17"" nie była czasem startu Grafany, tylko czasem, przez który kłamał odczyt (X-34: SIGPIPE + pipefail; metryka zdążyła się pojawić, zanim odpowiedź /metrics przekroczyła 64 KB). Uzasadnienie okna 180 s oparte na tych 54 sekundach było fałszywe. D3 wróci przy zielonym wdrożeniu z biblioteką po X-34. | D3 PRZYWRÓCONE 2026-08-24 na wdrożeniu #73 („próba 4"", 10 s) — tym razem na ZROZUMIANYM mechanizmie, po naprawie X-34. Bramka przeszła dlatego, że działa, a nie dlatego, że miała szczęście. Dokumentacja: docs/archiwum/zadania/X-33-bramka-mierzyla-szybkosc-startu.md"
X-34,X,Bramka alertów czyta metryki bez potoku (SIGPIPE + pipefail),—,—,—,—,—,DZIAŁA,"ops/scripts/lib/bramka-regul-alertowych.sh — metryka_istnieje bez potoku (dopasowanie wzorcem w powłoce), regul_w_stanie przez <<< zamiast |; apps/api/src/test/bramka-regul-nie-myli-braku-z-oczekiwaniem.spec.ts (13 asercji, atrapa > 64 KB, harness z set -Eeuo pipefail). D3: wdrożenie #73 (2026-08-24) — „OK: 14/14 reguł aktywnych (próba 4)"", 10 sekund.",PARYTET,—,S,"Stan 2026-08-24: ZROBIONE W KODZIE (D2), D3 przy pierwszym zielonym wdrożeniu. | CO SIĘ STAŁO: wdrożenie #72 padło z komunikatem „Grafana nie opublikowała metryki grafana_alerting_rule_group_rules w ciągu 60 prób co 3s. Scheduler alertów nie wystartował"" — 193 sekundy bez ani jednej linii. Log SAMEJ GRAFANY z tej samej minuty mówi coś przeciwnego: 09:53:15.845 ngalert.scheduler „Starting scheduler"" tickInterval=10s; 09:53:15.845 ngalert.state.manager „State cache has been initialized"" states=14; 09:53:31.549 pierwsze alerty. Scheduler wystartował CZTERY SEKUNDY po restarcie. GRAFANA BYŁA ZDROWA — KŁAMAŁ MÓJ ODCZYT. | PRZYCZYNA, jedna linijka: printf '%s\n' ""$metryki"" | grep -q '^grafana_alerting_rule_group_rules{' przy set -Eeuo pipefail. grep -q kończy się NATYCHMIAST po dopasowaniu, printf wciąż pisze resztę; gdy odpowiedź nie mieści się w buforze potoku, printf dostaje SIGPIPE (141), a pipefail przepisuje ten status na cały potok — sprawdzenie zwraca BŁĄD DOKŁADNIE WTEDY, GDY METRYKA JEST. Zmierzone, deterministyczne, próg na buforze potoku: 16 KB → znaleziono, 32 KB → znaleziono, 63 KB → znaleziono, 64 KB → BRAK, 80 KB → BRAK, 128 KB → BRAK. | TO WYJAŚNIA WSZYSTKO, CZEGO NIE UMIAŁEM WYJAŚNIĆ: /metrics Grafany ROŚNIE w miarę rejestrowania kolektorów, więc wyścig toczył się nie między bramką a schedulerem, tylko między POJAWIENIEM SIĘ METRYKI a PRZEKROCZENIEM 64 KB. #71: metryka zdążyła, gdy odpowiedź była jeszcze < 64 KB → odczyt udał się na 17. próbie, a ja odczytałem to jako „scheduler potrzebuje 54 sekund"". #72: odpowiedź przekroczyła 64 KB pierwsza → 60 odczytów z rzędu skłamało, a ja odczytałem to jako „scheduler nie wystartował"". OBIE INTERPRETACJE BYŁY FAŁSZYWE, a na podstawie pierwszej zdążyłem podnieść okno i napisać uzasadnienie, które brzmiało solidnie. Ten sam mechanizm prawdopodobnie stoi za #70. | DLACZEGO STARA BRAMKA TEGO NIE MIAŁA: czytała przez „| awk"", a AWK CZYTA WEJŚCIE DO KOŃCA — nie zamyka potoku wcześniej, więc SIGPIPE nie powstaje. Wdrożenia #68 i #69 działały nie ze szczęścia, tylko dlatego, że nie miały tej usterki. TEN BŁĄD WPROWADZIŁEM JA, RAZEM Z grep -q. | ROZWIĄZANIE: w bibliotece NIE MA JUŻ ANI JEDNEGO POTOKU — obecność metryki dopasowuje sama powłoka wzorcem na zmiennej (case), a awk dostaje wejście przez <<< (here-string to przekierowanie, nie potok, więc pipefail nie ma czego zepsuć). | OKNO ZOSTAJE 180 s, ALE Z INNEGO POWODU: stare uzasadnienie („zmierzone 54 s × 3"") było nieprawdziwe i zostało w komentarzu przekreślone, żeby nikt go nie odtworzył. Prawdziwy pomiar z logu Grafany: scheduler startuje ~4 s po restarcie. 60 s by wystarczyło; 180 s zostaje, bo CZEKANIE JEST DARMOWE (pętla kończy się w chwili zgodności), a nie dlatego, że tyle zmierzono. Ta liczba NIE MA maskować usterki odczytu — gdyby bramka znów czekała minutami, odpowiedzią jest diagnoza, nie 300 s. | DLACZEGO STRAŻNIK Z X-33 TEGO NIE ZŁAPAŁ — NAJWAŻNIEJSZA CZĘŚĆ: test był ZIELONY, a kod kłamał 60 razy z rzędu. Nie dlatego, że sprawdzał złą rzecz — dlatego, że JEGO ŚRODOWISKO RÓŻNIŁO SIĘ OD PRODUKCYJNEGO W DWÓCH WYMIARACH, KTÓRE DECYDOWAŁY O WYNIKU: (1) atrapa ważyła 200 bajtów, a prawdziwe /metrics setki kilobajtów — przy 200 bajtach printf zdąży zapisać wszystko do bufora, zanim grep się zamknie, więc SIGPIPE nigdy nie powstanie; (2) harness ustawiał set -u, a produkcja set -Eeuo pipefail — BEZ PIPEFAIL TA USTERKA NIE ISTNIEJE. Testowałem inną powłokę niż ta, która to uruchamia. To NOWA ODMIANA rodziny „test, który niczego nie dowodzi"" (Z-01, H-20, M-06, X-28): nie fałszywa asercja, tylko FAŁSZYWE ŚRODOWISKO. Asercje były dobre, kłamały dane wejściowe. PYTANIE DO KAŻDEGO PRZYSZŁEGO HARNESSU: czym moja atrapa różni się od produkcji i czy któraś z tych różnic może decydować o wyniku? Rozmiar wejścia i flagi powłoki to nie szczegóły techniczne, tylko warunki, w których kod działa albo nie. | STRAŻNIK (13 asercji, było 11): atrapa waży ponad 64 KB i test to ASERTUJE, żeby nikt jej nie „uprościł""; harness ustawia dokładnie te flagi co skrypt wdrożeniowy; osobna asercja, że odpowiedź większa niż bufor potoku nie zamienia się w „brak metryki""; asercja o treści biblioteki (żadnego | grep, żadnego printf |) stojąca OBOK zachowaniowej, nie zamiast niej — tamta łapie usterkę, ta pilnuje, żeby nie wróciła tą samą drogą. | Czerwieni się na kodzie sprzed X-34: 7 z 13. | JAK ZAMKNĄĆ: zielone wdrożenie z tą biblioteką, z NISKIM numerem próby (kilkanaście sekund, nie pięćdziesiąt cztery). Dwucyfrowy numer oznaczałby, że nadal czegoś nie rozumiem. | DOWÓD D3 — WDROŻENIE #73 (2026-08-24, zielone, 3 m 08 s): „10:45:36 restart obserwowalności; 10:45:43 czekam na scheduler alertów (oczekuję 14 reguł, do 180 s); 10:45:53 OK: 14/14 reguł aktywnych (PRÓBA 4); 10:47:08 reguły liczą się bez błędów (0 → 0)"". PRÓBA 4 — DZIESIĘĆ SEKUND. Przed wdrożeniem zapisałem FALSYFIKOWALNĄ PRZEPOWIEDNIĘ: jeśli diagnoza jest trafna, numer próby będzie NISKI, a dwucyfrowy oznaczałby, że nadal czegoś nie rozumiem. Wyszła czwarta próba i zgadza się co do rzędu wielkości z logiem samej Grafany (scheduler ~4 s po restarcie, takt 10 s) — czyli z jedynym pomiarem w całej tej historii, który nie pochodził z zepsutego odczytu. Porównanie czasów: #71 — 3 m 58 s (54 s czekania na własne kłamstwo), #72 — 4 m 54 s zakończone błędem, #73 — 3 m 08 s. Dokumentacja: docs/archiwum/zadania/X-34-bramka-klamala-o-wlasnym-odczycie.md"
DEP-02,X,W drzewie stoją dwa majory ESLinta naraz,—,—,—,—,—,BRAK,"package.json (korzeń) — @eslint/js ^10.0.1 przy braku jakiegokolwiek eslint.config.* w korzeniu; libs/eslint-config/node_modules: eslint 10.9.0 obok @eslint/js 9.39.5; apps/api, apps/www, apps/client-panel, apps/status-page, libs/directadmin-sdk — eslint 9.39.5",LUKA,ŚREDNIA,S,"Odkryte 2026-08-28 przy DEP-01. Korzeń deklaruje @eslint/js ^10.0.1, którego peer to eslint ^10.0.0 — i to on wciąga eslint@10.9.0 do drzewa. Tymczasem KAŻDY pakiet, który realnie lintuje, ma 9.39.5. Najostrzej widać to wewnątrz libs/eslint-config, czyli wspólnej konfiguracji: node_modules/eslint = 10.9.0, node_modules/@eslint/js = 9.39.5 — dwie połowy jednego narzędzia z różnych majorów w jednym katalogu. | Korzeń NIE MA żadnego eslint.config.* i nie odpala lintera (pnpm lint = turbo run lint), więc te zależności nie robią nic poza wciąganiem majora, którego nikt nie używa. | To nie awaria — bramka jest zielona, 0 błędów. To BRAK KONTROLI: żaden strażnik nie sprawdza, czy major ESLinta jest jeden, tak jak do ENV-01 nic nie sprawdzało wersji Node. | DO ZROBIENIA: zdjąć z korzenia nieużywane @eslint/js i typescript-eslint albo cofnąć je do dziewiątki (rusza lockfile — osobny commit z pełną bramką), plus strażnik spójności majora na wzór wersja-node.spec.ts."
DEP-03,X,"Majory ESLinta wyciszone z terminem, nie zamknięte po cichu",—,—,—,—,—,DZIAŁA,".github/dependabot.yml — reguły ignore na eslint i @eslint/js (semver-major), obie z „# pozycja: DEP-03” i „# przegląd: 2026-11-15”; apps/api/src/test/dependabot-wyciszenia.spec.ts pilnuje terminu",PARYTET,—,S,"Zamknięte 2026-08-28. PR #27 (eslint 9.39.5 → 10.9.1) wywraca się na apps/www z kodem wyjścia 2, czyli FATALNYM BŁĘDEM STARTU, nie błędami w kodzie: TypeError: Error while loading rule 'react/display-name': contextOrFilename.getFilename is not a function, w eslint-plugin-react@7.37.5 (lib/util/version.js:31). ESLint 10 zmienił API kontekstu reguły, wtyczka za tym nie nadążyła. Wtyczka przychodzi tranzytywnie z eslint-config-next@16.3.2. | PR #29 (@eslint/js 9.39.5 → 10.0.1) osobno daje 12 błędów no-useless-assignment w api i pogłębia rozjazd z DEP-02 — preset recommended dziesiątki podnosi tę regułę do rangi błędu. Oba pakiety wracają RAZEM, nigdy osobno. | UWAGA PRZY PRZEGLĄDZIE: eslint-config-next deklaruje peer 'eslint: >=9.0.0', czyli OBIECUJE zgodność, której jego własne zależności nie mają. Peer range nie jest tu dowodem — dowodem jest zielony przebieg lintera na dziesiątce. Sam się na tym nabrałem: odczytałem peer jako „nic nie blokuje przejścia na 10”. | TO SAMO BYŁO JUŻ ZAPISANE W X-18 (2026-08-22, punkt 3 listy „czego nie podniosłem”). Odkryłem to dziś ponownie, z logów CI, bo nie zajrzałem najpierw do macierzy. Wyciszenie z terminem jest tym, czego X-18 nie miało: tam był akapit, tu jest reguła, która o sobie przypomni 2026-11-15."
X-49,X,"Znaleziska trafiają do macierzy, nie tylko do dashboardów",—,—,—,—,—,BRAK,"audyt/dane/macierz.csv — ostatnia pozycja przed 2026-08-28 to X-34 z 24.08; brak w macierzy bylo 32 pozycji: DEP-01, ENV-01, ENV-02, X-37..X-48 (bez X-44 w macierzy), DEV-01, KSEF-01..05, PANEL-01, OPS-01, NODE-01..03, SEC-01..06",LUKA,ŚREDNIA,M,"Odkryte 2026-08-28, gdy strażnik X-23 odrzucił wyciszenie Dependabota wskazujące pozycję DEP-03, której w macierzy nie było. | MECHANIZM: znaleziska z ostatniego tygodnia zapisywane były w dashboardach HTML (VERRIS_LUKI_DASHBOARD, VERRIS_PLAN_DASHBOARD), czyli w WIDOKU, a nie w macierzy, czyli w REJESTRZE. Strażniki repozytorium czytają macierz. Wszystko, co istnieje tylko w widoku, jest dla nich niewidzialne — i przez tydzień nikt tego nie zauważył, bo dopiero DEP-03 jako pierwsze dotknęło czegoś sprawdzanego automatycznie. | DRUGI, DROŻSZY SKUTEK: X-18 opisuje blokadę ESLinta 10 przez eslint-plugin-react od 2026-08-22 (contextOrFilename.getFilename). 2026-08-28 odkryłem to samo od zera, czytając logi CI — bo poszedłem do dashboardów i do GitHuba, nie do macierzy. Praca wykonana drugi raz. | TO NIE JEST PROBLEM NARZĘDZIA, tylko kierunku zapisu: dashboard ma być generowany Z macierzy, a nie prowadzony obok niej. Dopóki jest odwrotnie, każdy strażnik odwołujący się do pozycji audytu może odrzucić prawdziwe znalezisko za to, że nie zostało zapisane tam, gdzie trzeba. | DO ZROBIENIA: przepisac 32 brakujace pozycje do macierzy — WYKONANE 2026-08-28 (z rozmysłem, nie hurtem — każda ma mieć dowód i werdykt), a potem ustalić kierunek: macierz jest źródłem, dashboard widokiem. | KOREKTA WLASNEGO POMIARU, tego samego dnia: najpierw podalem PIETNASCIE brakujacych pozycji. Ta liczba byla dlugoscia recznie wybranej listy, ktora sprawdzilem, a nie wynikiem porownania — pelne porownanie identyfikatorow dalo 32. Podanie dlugosci wlasnej probki jako wyniku to ten sam blad, ktory ta pozycja opisuje, tylko na poziomie pomiaru. | PRZY PRZEPISYWANIU: OPS-01 istnialo w dashboardzie w DWOCH egzemplarzach o roznych statusach (ZAMKNIETE i OTWARTE); do macierzy trafil jeden wiersz, tresc drugiego zachowana w Uwagach. Krytycznosc i naklad przepisanych pozycji zostaly PUSTE — dashboard ich nie niosl, a wpisanie ich teraz byloby zgadywaniem. | CO ZOSTAJE: ustalic kierunek zapisu — macierz zrodlem, dashboard widokiem generowanym z niej. Dopoki dashboard jest prowadzony recznie obok macierzy, ten rozjazd wroci."
DEP-01,X,"Osiem otwartych pull requestów Dependabota, żaden niescalony",—,—,—,—,—,BRAK,"GitHub: 8 otwartych PR-ów, przebiegi CI #147–#150 od `dependabot[bot]`, 2026-08-28",LUKA,WYSOKA,S,"Przepisane do macierzy 2026-08-28 w ramach X-49 — pozycja powstala 2026-08-28 i do tego dnia istniala WYLACZNIE w dashboardzie, poza zasiegiem straznikow repozytorium. Obszar: zależności / bezpieczeństwo. Krytycznosc i naklad zostaly puste SWIADOMIE: dashboard ich nie niosl, a wpisanie ich teraz byloby zgadywaniem. Do uzupelnienia przy najblizszym przegladzie tej pozycji. | TRESC ZE ZRODLA: Osiem otwartych pull requestów Dependabota, żaden niescalony. Kolejka CI zapchana przebiegami #147–#150 (numeracja `ci.yml` przeskoczyła z #127 na #136 właśnie przez nie). Sam zator jest kosmetyczny — problemem jest to, że job `Security scans` skanuje CVE w zależnościach, a poprawki tych zależności leżą niescalone. Skan wykrywa i nikt nie działa — ta sama rodzina co SEC-01 i NODE-02. | WYCENA 2026-09-19: krytycznosc i naklad uzupelnione przy wznowieniu. Pozycje przepisane 2026-08-28 w ramach X-49 zostaly bez wyceny, przez co nie liczyly sie do budzetu godzin i nie stały w zadnym sprincie. Podstawa wyceny: Przeglad i scalenie kolejki PR-ow Dependabota jednym wsadem z pelna bramka. Security scans wykrywa CVE, a poprawki leza niescalone."
ENV-01,X,"Bramka lokalna biegnie na Node 20, CI na Node 22",—,—,—,—,—,DZIAŁA,"D3: ostrzeżenie `pnpm` przy każdym `pnpm test` wobec `node-version: 22` w `ci.yml`. Zamknięte częściowo 2026-08-28: `.nvmrc` = 22, strażnik `wersja-node.spec.ts` (4 testy) wyprowadza wymagany major z `engines.node` i sprawdza `.nvmrc`, wszystkie 7 kroków `node-version:` w `ci.yml`+`deploy.yml` oraz oba `ARG NODE_VERSION` w Dockerfile’ach. Bramka lokalna potwierdzona na v22.23.2 (841 testów jednostkowych, 78 integracyjnych). Świadomie odłożone: `engine-strict=true` w `.npmrc` — włączone wcześniej zablokowałoby Twój `pnpm install` bez Twojej zgody.",PARYTET,ŚREDNIA,S,"Przepisane do macierzy 2026-08-28 w ramach X-49 — pozycja powstala 2026-08-28 i do tego dnia istniala WYLACZNIE w dashboardzie, poza zasiegiem straznikow repozytorium. Obszar: bramki / środowisko. Krytycznosc i naklad zostaly puste SWIADOMIE: dashboard ich nie niosl, a wpisanie ich teraz byloby zgadywaniem. Do uzupelnienia przy najblizszym przegladzie tej pozycji. | TRESC ZE ZRODLA: Bramka lokalna biegnie na Node 20, CI na Node 22. `pnpm` ostrzega o tym przy każdym uruchomieniu (`Unsupported engine: wanted >=22.12, current v20.19.2`), a `ci.yml` ma `node-version: 22`. Samo w sobie kosmetyczne — przestaje takie być po decyzji z 28.08, która ustala, że jedyną realną bramką przed `main` jest bramka uruchamiana lokalnie (push admina omija wszystkie wymagane checki). „Zielone u mnie” jest wtedy słabszym dowodem, niż wygląda, i to dokładnie w miejscu, na którym oparliśmy proces. | WYCENA 2026-09-19: krytycznosc i naklad uzupelnione przy wznowieniu. Pozycje przepisane 2026-08-28 w ramach X-49 zostaly bez wyceny, przez co nie liczyly sie do budzetu godzin i nie stały w zadnym sprincie. Podstawa wyceny: Zostaje engine-strict=true w .npmrc, swiadomie odlozone 2026-08-28. Reszta pozycji zamknieta strazniekiem wersja-node.spec.ts. | 2026-09-22 ZAMKNIETE (D2): engine-strict=true w .npmrc od 2026-09-19 (zgoda wlasciciela), pelna bramka lokalna 2026-09-22 zielona na Node 22 z engine-strict (lint, typecheck 8/8, 878 testow jednostkowych) — to byl ostatni brakujacy element."
ENV-02,X,Cache turbo kluczowany wersją Node — zmiana silnika nie udaje zieleni,—,—,—,—,—,DZIAŁA,"D1: `pnpm test` po `nvm use` → `>>> FULL TURBO`; `pnpm test -- --force` → `cache bypass, force executing` i realne wykonanie. Naprawione: `""globalDependencies"": ["".nvmrc""]` w `turbo.json` — zmiana wersji Node unieważnia teraz cały cache.",PARYTET,—,—,"Przepisane do macierzy 2026-08-28 w ramach X-49 — pozycja powstala 2026-08-28 i do tego dnia istniala WYLACZNIE w dashboardzie, poza zasiegiem straznikow repozytorium. Obszar: bramki / narzędzia. Krytycznosc i naklad zostaly puste SWIADOMIE: dashboard ich nie niosl, a wpisanie ich teraz byloby zgadywaniem. Do uzupelnienia przy najblizszym przegladzie tej pozycji. | TRESC ZE ZRODLA: Cache turbo nie był kluczowany wersją Node — bramka po zmianie silnika pokazywała zieleń bez uruchomienia czegokolwiek. Po przejściu na Node 22 (`nvm use`) `pnpm test` wypisał `>>> FULL TURBO` i `Cached: 8 cached` — czyli odtworzył logi z Node 20 i zameldował sukces. To groźniejsze niż zwykły fałszywy zielony: bramka nie kłamie o wyniku testu, tylko o tym, jakiego świata ten wynik dotyczy. Gdyby Node 22 psuł cokolwiek w tym repo, ta weryfikacja by tego nie pokazała — a była to jedyna weryfikacja, jaką zaplanowaliśmy dla ENV-01."
X-46,X,"`turbo.json` może być JSONC, ale własny strażnik repo czyta go przez `JSON.parse`",—,—,—,—,—,DZIAŁA,"D1: `pnpm test -- --force` → `FAIL src/test/ci-joby.spec.ts`, 1 failed / 840 passed. Komentarze usunięte, `JSON.parse` przechodzi.",PARYTET,—,—,"Przepisane do macierzy 2026-08-28 w ramach X-49 — pozycja powstala 2026-08-28 i do tego dnia istniala WYLACZNIE w dashboardzie, poza zasiegiem straznikow repozytorium. Obszar: bramki / narzędzia. Krytycznosc i naklad zostaly puste SWIADOMIE: dashboard ich nie niosl, a wpisanie ich teraz byloby zgadywaniem. Do uzupelnienia przy najblizszym przegladzie tej pozycji. | TRESC ZE ZRODLA: `turbo.json` może być JSONC, ale własny strażnik repo czyta go przez `JSON.parse`. Dopisałem `globalDependencies` razem z komentarzami `//` — turbo to przyjmuje, `ci-joby.spec.ts:135` nie. Cała bramka padła na `SyntaxError: Expected property name or '}' in JSON at position 4`. Poprawiony został plik, nie strażnik: skoro standardowy parser go nie czyta, problem jest w pliku — strażnik był tylko pierwszym narzędziem, które to zauważyło; następne byłoby czyjeś."
X-47,X,Nieosiągalnego kodu w `apps/api` nie sprawdzało NIC — bo dwa narzędzia ustąpiły sobie nawzajem miejsca,—,—,—,—,—,DZIAŁA,"D1: `eslint --rule '{""no-unreachable"":""error""}'` zgłasza `765:5 Unreachable code`, a ta sama bramka bez tej flagi jest zielona. Źródło wyłączenia: `@typescript-eslint/eslint-plugin/dist/configs/eslint-recommended-raw.js:37`. Naprawione 2026-08-28: `allowUnreachableCode: false` w `libs/typescript-config/base.json` — świadomie w bazie, nie tylko w profilu Nest, bo luka dotyczy każdego pakietu TS, nie samego API. Pomiar po włączeniu flagi: w całym monorepo wyszło dokładnie jedno miejsce — to samo `void where;` (`TS7027`, 7 z 8 pakietów czysto). Czyli flaga nie odsłoniła ukrytego długu; odsłoniła tę jedną linię, która powstała po to, żeby uciszyć strażnika. Linia usunięta, `where` zniknęło z destrukturyzacji.",PARYTET,—,—,"Przepisane do macierzy 2026-08-28 w ramach X-49 — pozycja powstala 2026-08-28 i do tego dnia istniala WYLACZNIE w dashboardzie, poza zasiegiem straznikow repozytorium. Obszar: bramki / typy. Krytycznosc i naklad zostaly puste SWIADOMIE: dashboard ich nie niosl, a wpisanie ich teraz byloby zgadywaniem. Do uzupelnienia przy najblizszym przegladzie tej pozycji. | TRESC ZE ZRODLA: Nieosiągalnego kodu w `apps/api` nie sprawdzało NIC — bo dwa narzędzia ustąpiły sobie nawzajem miejsca. `js.configs.recommended` ustawia `no-unreachable: error`. Rozwijane linijkę niżej `tseslint.configs.recommended` gasi tę regułę: `'no-unreachable': 'off', // ts(7027)` — z uzasadnieniem „to sprawdza TypeScript"". A TypeScript zgłasza ts(7027) jako błąd wyłącznie przy `allowUnreachableCode: false`, którego nigdzie nie ustawiliśmy — domyślnie to tylko podpowiedź dla edytora, więc `tsc --noEmit` przechodzi. Żadne z tych narzędzi nie działa źle. Zawiodło przekazanie: każde założyło, że robi to drugie. Koszt widać na przykładzie: w `invoices.service.ts` stoi `void where;` za `return` — linia dopisana po to, by uciszyć ostrzeżenie o nieużywanej zmiennej, i robiąca to skutecznie, choć nigdy się nie wykonuje. Kontrola spełniona co do litery, nie co do treści."
X-48,X,`strict: true` w API jest w dużej mierze dekoracją — profil Nest wyłącza jego najważniejsze składniki,—,—,—,—,—,BRAK,"D1: odczyt obu plików, 2026-08-28. Świadomie NIE naprawiane dzisiaj — włączenie `strictNullChecks` w projekcie tej wielkości to osobna, duża praca z własnym planem, a nie doklejka do sprzątania martwych przypisań. Zapisane, żeby decyzja o terminie była decyzją, a nie przeoczeniem.",LUKA,WYSOKA,L,"Przepisane do macierzy 2026-08-28 w ramach X-49 — pozycja powstala 2026-08-28 i do tego dnia istniala WYLACZNIE w dashboardzie, poza zasiegiem straznikow repozytorium. Obszar: bramki / typy. Krytycznosc i naklad zostaly puste SWIADOMIE: dashboard ich nie niosl, a wpisanie ich teraz byloby zgadywaniem. Do uzupelnienia przy najblizszym przegladzie tej pozycji. | TRESC ZE ZRODLA: `strict: true` w API jest w dużej mierze dekoracją — profil Nest wyłącza jego najważniejsze składniki. `libs/typescript-config/base.json` ustawia `""strict"": true`, a dziedziczący z niego `nestjs.json` zaraz potem gasi: `strictNullChecks: false`, `noImplicitAny: false`, `strictBindCallApply: false`, `noFallthroughCasesInSwitch: false`, `forceConsistentCasingInFileNames: false`. Najcięższy jest pierwszy: `strictNullChecks` to kontrola, która łapie najwięcej błędów „undefined w czasie działania"" — a API to warstwa, która dotyka bazy, płatności i DirectAdmina. Kto czyta `base.json`, widzi projekt w trybie ścisłym. Kto czyta `nestjs.json`, widzi coś innego. | WYCENA 2026-09-19: krytycznosc i naklad uzupelnione przy wznowieniu. Pozycje przepisane 2026-08-28 w ramach X-49 zostaly bez wyceny, przez co nie liczyly sie do budzetu godzin i nie stały w zadnym sprincie. Podstawa wyceny: Wlaczenie strictNullChecks w API tej wielkosci to osobna duza praca z wlasnym planem — tak zapisano 2026-08-28. API dotyka bazy, platnosci i DirectAdmina."
DEV-01,X,"Baza deweloperska jest nieosiągalna, a `docker-compose.yml` opisuje stan, którego nie ma",—,—,—,—,—,BRAK,"D3 (maszyna deweloperska): `FATAL: role ""verris"" does not exist` oraz `role ""postgres"" does not exist` przy połączeniu po gnieździe wewnątrz kontenera; `docker inspect` potwierdza `POSTGRES_USER=verris` w konfiguracji",LUKA,WYSOKA,S,"Przepisane do macierzy 2026-08-28 w ramach X-49 — pozycja powstala 2026-08-28 i do tego dnia istniala WYLACZNIE w dashboardzie, poza zasiegiem straznikow repozytorium. Obszar: środowisko lokalne. Krytycznosc i naklad zostaly puste SWIADOMIE: dashboard ich nie niosl, a wpisanie ich teraz byloby zgadywaniem. Do uzupelnienia przy najblizszym przegladzie tej pozycji. | TRESC ZE ZRODLA: Baza deweloperska jest nieosiągalna, a `docker-compose.yml` opisuje stan, którego nie ma. Wolumen `ekohost_postgres_data` zainicjowano z innym `POSTGRES_USER` niż dzisiejszy `verris`. Wejściówka obrazu Postgresa uruchamia `initdb` tylko przy PUSTYM katalogu danych — przy każdym kolejnym starcie `POSTGRES_USER` i `POSTGRES_PASSWORD` są ignorowane w całości. Kontener wstaje zielony, `pg_isready` odpowiada, a logowanie odbija: ani rola `postgres`, ani `verris` nie istnieje. Ktoś klonujący repozytorium dziś dostanie działający `docker compose up`, po którym nic się nie połączy. | WYCENA 2026-09-19: krytycznosc i naklad uzupelnione przy wznowieniu. Pozycje przepisane 2026-08-28 w ramach X-49 zostaly bez wyceny, przez co nie liczyly sie do budzetu godzin i nie stały w zadnym sprincie. Podstawa wyceny: Odzyskanie nazwy roli w trybie single-user, bez kasowania wolumenu (decyzja 2026-08-28). Blokuje bramke lokalna, czyli JEDYNA realna bramke przed main."
X-45,X,Dwóch niezależnych strażników pilnowało tej samej linii `ci.yml`,—,—,—,—,—,DZIAŁA,"Naprawione 2026-08-28: strażnik jest teraz MOCNIEJSZY niż był — sprawdza, że job woła `pnpm test:int` ORAZ że ten skrypt istnieje w `package.json` i celuje w `jest.integration.cjs`. Doszedł test, że job nie woła jesta z pominięciem skryptu.",PARYTET,—,—,"Przepisane do macierzy 2026-08-28 w ramach X-49 — pozycja powstala 2026-08-28 i do tego dnia istniala WYLACZNIE w dashboardzie, poza zasiegiem straznikow repozytorium. Obszar: strażnicy / metodyka. Krytycznosc i naklad zostaly puste SWIADOMIE: dashboard ich nie niosl, a wpisanie ich teraz byloby zgadywaniem. Do uzupelnienia przy najblizszym przegladzie tej pozycji. | TRESC ZE ZRODLA: Dwóch niezależnych strażników pilnowało tej samej linii `ci.yml`. Zmieniłem krok „Run integration tests” na `pnpm test:int`, zaktualizowałem `kazdy-spec-ma-runner.spec.ts` i uznałem sprawę za zamkniętą — a `ci-joby.spec.ts:144` sprawdzał dokładnie to samo i padł. Problemem nie było parsowanie (jak w X-35/38/39/40), tylko to, że nie sprawdziłem, ilu strażników jest. Wniosek roboczy: każda zmiana w `ci.yml` zaczyna się od `grep` po nazwie kroku w `src/test/`, nie od pamięci."
X-44,X,Paczka testów integracyjnych mogła skasować bazę deweloperską — i była to ścieżka domyślna,—,—,—,—,—,DZIAŁA,"Naprawione 2026-08-27: `sprawdzBazeTestowa()` wymaga, by nazwa bazy zawierała „test”; osobny moduł bez zależności, 10 testów w pakiecie JEDNOSTKOWYM (bezpiecznik od złej konfiguracji Postgresa nie może wymagać Postgresa). Bez furtki FORCE. Parser sprawdza schemat, bo `new URL('localhost:5432/verris_test')` nie rzuca wyjątku. Zweryfikowane lokalnie 2026-08-28: 65/65 testów integracyjnych na PG 16 (port 5434, kontener bez wolumenu), 817 jednostkowych, lint 0 błędów, typecheck 8/8. D2 po zielonym jobie „API integration tests”.",PARYTET,—,—,"Przepisane do macierzy 2026-08-28 w ramach X-49 — pozycja powstala 2026-08-27 i do tego dnia istniala WYLACZNIE w dashboardzie, poza zasiegiem straznikow repozytorium. Obszar: testy / utrata danych. Krytycznosc i naklad zostaly puste SWIADOMIE: dashboard ich nie niosl, a wpisanie ich teraz byloby zgadywaniem. Do uzupelnienia przy najblizszym przegladzie tej pozycji. | TRESC ZE ZRODLA: Paczka testów integracyjnych mogła skasować bazę deweloperską — i była to ścieżka domyślna. `setup.ts` zaczyna każdy test od `TRUNCATE … CASCADE` na Invoice, WalletTransaction, Account, Subscription, Server, Plan i User. Jedyną ochroną było `if (!process.env.DATABASE_URL)` — sprawdzenie, że zmienna jest NIEPUSTA. Zdanie „musi wskazywać na BAZĘ TESTOWĄ” istniało wyłącznie w treści komunikatu. Domyślny URL w `libs/database/.env` wskazuje na `verris_db`, czyli bazę deweloperską. Ta sama rodzina co SEC-01 i X-02: kontrola opisana słowami, nieegzekwowana kodem."
KSEF-05,M,"Włączenie KSeF wysyła całą historię faktur, natychmiast i bez pytania",—,—,—,—,—,DZIAŁA,Naprawione 2026-08-26: catch-up ograniczony oknem 7 dni; zaległości starsze wymagają świadomej decyzji operatora.,PARYTET,—,—,"Przepisane do macierzy 2026-08-28 w ramach X-49 — pozycja powstala 2026-08-26 i do tego dnia istniala WYLACZNIE w dashboardzie, poza zasiegiem straznikow repozytorium. Obszar: KSeF. Krytycznosc i naklad zostaly puste SWIADOMIE: dashboard ich nie niosl, a wpisanie ich teraz byloby zgadywaniem. Do uzupelnienia przy najblizszym przegladzie tej pozycji. | TRESC ZE ZRODLA: Włączenie KSeF wysyła całą historię faktur, natychmiast i bez pytania. `tick()` zaczyna od `updateMany` przestawiającego KAŻDĄ fakturę `NOT_APPLICABLE` na `PENDING` — bez ograniczenia daty, bez limitu, bez potwierdzenia. Pierwszy przebieg po przestawieniu przełącznika kolejkuje wszystko i wysyła partiami po 25. Przy `KSEF_ENV` domyślnie `'test'` pójdą na środowisko testowe MF, a panel pokaże je jako wysłane."
KSEF-01,M,Obowiązek KSeF działa od 1 kwietnia 2026 — od pięciu miesięcy,—,—,—,—,—,BRAK,"harmonogram MF: 1.02.2026 (>200 mln), 1.04.2026 (pozostali), 1.01.2027 (do 10 tys./mies.)",POZA ZAKRESEM,WYSOKA,S,"Przepisane do macierzy 2026-08-28 w ramach X-49 — pozycja powstala 2026-08-26 i do tego dnia istniala WYLACZNIE w dashboardzie, poza zasiegiem straznikow repozytorium. Obszar: KSeF / prawo. Krytycznosc i naklad zostaly puste SWIADOMIE: dashboard ich nie niosl, a wpisanie ich teraz byloby zgadywaniem. Do uzupelnienia przy najblizszym przegladzie tej pozycji. | TRESC ZE ZRODLA: Obowiązek KSeF działa od 1 kwietnia 2026 — od pięciu miesięcy. To nie jest funkcja do dorobienia przed premierą, tylko obowiązek uruchamiający się przy pierwszej fakturze dla klienta zewnętrznego. Zapowiadany okres bez kar ma dopiero doprecyzować akt wykonawczy, więc nie da się na nim oprzeć planu. | WYCENA 2026-09-19: krytycznosc i naklad uzupelnione przy wznowieniu. Pozycje przepisane 2026-08-28 w ramach X-49 zostaly bez wyceny, przez co nie liczyly sie do budzetu godzin i nie stały w zadnym sprincie. Podstawa wyceny: Pozycja faktograficzna, nie kodowa: zapis stanu prawnego i konsekwencji dla planu. Praca wlasciwa siedzi w PB-13, M-16 i M-17. | 2026-09-22: poza planem startowym — ADR-2026-09-22, wlasny modul KSeF zamrozony (nie skasowany), KSeF realizuje program ksiegowy. Wraca w epiku integracji po API. | 2026-09-23 PO STARCIE: decyzja właściciela (PB-13 2026-09-22, potwierdzona 2026-09-23) — faktury VAT wystawia program księgowy Firmino (Streamsoft), który sam obsługuje KSeF; własny moduł KSeF zamrożony, bezpośrednia integracja z KSeF po starcie. Pozycja wraca przy tej integracji."
KSEF-02,M,`KsefStatus.OFFLINE` istnieje w schemacie i nie jest ustawiany nigdy,—,—,—,—,—,CZĘŚCIOWE,"Częściowo 2026-08-26: `KsefStatus.OFFLINE` jest zapisywany przy nieudanym otwarciu sesji, wraz z trybem i terminem (`ksef-tryby.ts`, 16 testów; migracja wykonana na PG 16.13). Brak klasyfikacji zdarzenia przez operatora — każda przerwa dostaje NIESKLASYFIKOWANY z najkrótszym terminem.",POZA ZAKRESEM,ŚREDNIA,S,"Przepisane do macierzy 2026-08-28 w ramach X-49 — pozycja powstala 2026-08-26 i do tego dnia istniala WYLACZNIE w dashboardzie, poza zasiegiem straznikow repozytorium. Obszar: KSeF. Krytycznosc i naklad zostaly puste SWIADOMIE: dashboard ich nie niosl, a wpisanie ich teraz byloby zgadywaniem. Do uzupelnienia przy najblizszym przegladzie tej pozycji. | TRESC ZE ZRODLA: `KsefStatus.OFFLINE` istnieje w schemacie i nie jest ustawiany nigdy. Trzeci raz ten sam wzorzec w projekcie — po `ServerStatus.OFFLINE` (OPS-01) i regule alertowej z X-35. Wartość w enumie wygląda jak zaimplementowana funkcja, a jest zapisaną intencją. Skutek: faktura czekająca z powodu awarii KSeF i faktura czekająca, bo cykl nie zdążył, mają w bazie ten sam `PENDING` — a terminy ustawowe liczą się od różnych zdarzeń. | WYCENA 2026-09-19: krytycznosc i naklad uzupelnione przy wznowieniu. Pozycje przepisane 2026-08-28 w ramach X-49 zostaly bez wyceny, przez co nie liczyly sie do budzetu godzin i nie stały w zadnym sprincie. Podstawa wyceny: Zostaje klasyfikacja zdarzenia przez operatora — dzis kazda przerwa dostaje NIESKLASYFIKOWANY z najkrotszym terminem. | 2026-09-22: poza planem startowym — ADR-2026-09-22, wlasny modul KSeF zamrozony (nie skasowany), KSeF realizuje program ksiegowy. Wraca w epiku integracji po API. | 2026-09-23 PO STARCIE: decyzja właściciela (PB-13 2026-09-22, potwierdzona 2026-09-23) — faktury VAT wystawia program księgowy Firmino (Streamsoft), który sam obsługuje KSeF; własny moduł KSeF zamrożony, bezpośrednia integracja z KSeF po starcie. Pozycja wraca przy tej integracji."
KSEF-03,M,Brak kodów QR na fakturze offline,—,—,—,—,—,BRAK,zero trafień `qrcode|QRCode|kodQR` w `apps/api/src` i `apps/client-panel/src`,POZA ZAKRESEM,WYSOKA,M,"Przepisane do macierzy 2026-08-28 w ramach X-49 — pozycja powstala 2026-08-26 i do tego dnia istniala WYLACZNIE w dashboardzie, poza zasiegiem straznikow repozytorium. Obszar: KSeF / prawo. Krytycznosc i naklad zostaly puste SWIADOMIE: dashboard ich nie niosl, a wpisanie ich teraz byloby zgadywaniem. Do uzupelnienia przy najblizszym przegladzie tej pozycji. | TRESC ZE ZRODLA: Brak kodów QR na fakturze offline. Faktura przekazana nabywcy poza KSeF musi nieść dwa kody: KOD I („OFFLINE”) i KOD II („CERTYFIKAT”). W repozytorium nie ma ani jednego wystąpienia QR. KOD I jest w zasięgu (adres API + data z P_1 + NIP + skrót XML, a builder XML mamy). KOD II wymaga certyfikatu KSeF typu 2 z portalu MF — sprawa formalna, nie kod. Bez niego tryb offline nie jest dla nas dostępny wcale. | WYCENA 2026-09-19: krytycznosc i naklad uzupelnione przy wznowieniu. Pozycje przepisane 2026-08-28 w ramach X-49 zostaly bez wyceny, przez co nie liczyly sie do budzetu godzin i nie stały w zadnym sprincie. Podstawa wyceny: KOD I w zasiegu (adres API + P_1 + NIP + skrot XML, builder XML jest). KOD II wymaga certyfikatu KSeF typu 2 z portalu MF — sprawa formalna, nie kod. Bez obu tryb offline jest niedostepny, wiec pozycja wisi na M-16. | 2026-09-22: poza planem startowym — ADR-2026-09-22, wlasny modul KSeF zamrozony (nie skasowany), KSeF realizuje program ksiegowy. Wraca w epiku integracji po API. | 2026-09-23 PO STARCIE: decyzja właściciela (PB-13 2026-09-22, potwierdzona 2026-09-23) — faktury VAT wystawia program księgowy Firmino (Streamsoft), który sam obsługuje KSeF; własny moduł KSeF zamrożony, bezpośrednia integracja z KSeF po starcie. Pozycja wraca przy tej integracji."
KSEF-04,M,"Komentarz w kodzie zapewnia o zgodności, której nie ma",—,—,—,—,—,DZIAŁA,"Naprawione 2026-08-26: komentarz skreślony, w jego miejscu stan faktyczny wraz z brakiem kodów QR.",PARYTET,—,—,"Przepisane do macierzy 2026-08-28 w ramach X-49 — pozycja powstala 2026-08-26 i do tego dnia istniala WYLACZNIE w dashboardzie, poza zasiegiem straznikow repozytorium. Obszar: KSeF. Krytycznosc i naklad zostaly puste SWIADOMIE: dashboard ich nie niosl, a wpisanie ich teraz byloby zgadywaniem. Do uzupelnienia przy najblizszym przegladzie tej pozycji. | TRESC ZE ZRODLA: Komentarz w kodzie zapewnia o zgodności, której nie ma. `ksef.service.ts:22-26` opisuje tryb offline jako „zostaje w PENDING i jest ponawiana — przepisy przewidują dosłanie”. Część o dosłaniu jest prawdziwa; reszta pomija wszystko, co przepisy wymagają wobec nabywcy. Komentarz zapewniający o zgodności zniechęca do sprawdzenia — dlatego jest gorszy niż jego brak."
PANEL-01,Q,Licznik onboardingu nie może dojść do końca,—,—,—,—,—,DZIAŁA,"Naprawione 2026-08-26: trzy stany zamiast `done: boolean`; kroki bez detekcji wypadają z mianownika. Strażnik `onboarding-kroki.spec.ts` — 8 testów, client-panel 4 → 12",PARYTET,—,—,"Przepisane do macierzy 2026-08-28 w ramach X-49 — pozycja powstala 2026-08-26 i do tego dnia istniala WYLACZNIE w dashboardzie, poza zasiegiem straznikow repozytorium. Obszar: panel klienta. Krytycznosc i naklad zostaly puste SWIADOMIE: dashboard ich nie niosl, a wpisanie ich teraz byloby zgadywaniem. Do uzupelnienia przy najblizszym przegladzie tej pozycji. | TRESC ZE ZRODLA: Licznik onboardingu nie może dojść do końca. Pola `done` dla kroków „Postaw stronę” i „Poczta” są zahardkodowane na `false`. Klient, który skonfigurował wszystko, widzi 2/4; dla produktu pocztowego maksimum to 1/2. Ta sama rodzina co X-39 — panel podaje liczbę tam, gdzie nie ma wiedzy."
OPS-01,M,"Selektor węzłów filtruje po sygnale życia, nie po statusie; sygnał widoczny w panelu",—,—,—,—,—,DZIAŁA,"Szkoda usunięta 2026-08-26: `NodeSelector` filtruje po SYGNALE ŻYCIA, nie po statusie; próg `BRAK_SYGNALU_MIN` wspólny z watchdogiem. 5 testów jednostkowych + 4 integracyjne. Potwierdzone uruchomieniem 2026-08-28 — w logu `Pomijam 1 węzeł(ów) ACTIVE bez sygnału życia od ponad 10 min`. ZAMKNIĘTE 2026-08-28 inaczej niż zakładano: zapis statusu świadomie NIE powstał. Selektor bierze tylko `status: ACTIVE`, więc zapis `OFFLINE` zamieniłby dwuminutową przerwę w sieci w trwałe wyłączenie węzła. Zamiast tego `opiszSygnal()` wyliczany przy odczycie + znacznik w panelu („ACTIVE · nie odpowiada od 14 min”), trzy stany, 13 testów, zero migracji. Zapis statusu OFFLINE nadal nie istnieje — wymaga pola odróżniającego wpis watchdoga od decyzji admina, inaczej automatyczny powrót cofałby ręczne wyłączenie.",PARYTET,—,—,"Przepisane do macierzy 2026-08-28 w ramach X-49 — pozycja powstala 2026-08-26 i do tego dnia istniala WYLACZNIE w dashboardzie, poza zasiegiem straznikow repozytorium. Obszar: provisioning. Krytycznosc i naklad zostaly puste SWIADOMIE: dashboard ich nie niosl, a wpisanie ich teraz byloby zgadywaniem. Do uzupelnienia przy najblizszym przegladzie tej pozycji. | TRESC ZE ZRODLA: Przyczyna ustalona. Żadna ścieżka w `apps/api/src` nie zapisuje statusu `OFFLINE` — mimo że `ops-watchdog.scheduler.ts` liczy węzły z przeterminowanym heartbeatem, a `metrics.service.ts` i `diagnostics.service.ts` raportują „offline”. Alert powstaje, status w bazie zostaje `ACTIVE`, a `NodeSelector` wybiera po statusie. | UWAGA: w dashboardzie ta pozycja istniala w DWoCH egzemplarzach o roznych statusach; przy przepisywaniu do macierzy zostawiona jedna, druga tresc: ""`Server.status = ACTIVE` dla węzła, który odpowiada wyłącznie na porcie 22. Provisioning i autoskalowanie wybierają węzły po tym polu."""
NODE-01,Q,Dwie niepołączone ścieżki dodania węzła w tym samym panelu,—,—,—,—,—,BRAK,`node-wizard.tsx` vs `node-bootstrap.script.ts`; `NODE_ONBOARD_RUNBOOK.md` vs `NODE_BOOTSTRAP_V2.md` §9,LUKA,ŚREDNIA,M,"Przepisane do macierzy 2026-08-28 w ramach X-49 — pozycja powstala 2026-08-26 i do tego dnia istniala WYLACZNIE w dashboardzie, poza zasiegiem straznikow repozytorium. Obszar: instalator węzła. Krytycznosc i naklad zostaly puste SWIADOMIE: dashboard ich nie niosl, a wpisanie ich teraz byloby zgadywaniem. Do uzupelnienia przy najblizszym przegladzie tej pozycji. | TRESC ZE ZRODLA: Dwie niepołączone ścieżki dodania węzła w tym samym panelu. Kreator `/nodes/wizard` (9 kroków, ręczny `scp`/`ssh`, licencje wklejane na SSH) i „bootstrap v2” na `/nodes/[id]#bootstrap` (7 faz, wznawialny systemd oneshot, licencje szyfrowane w bazie, żywy postęp). Kreator nie wspomina o v2 ani razu. Do tego dwa runbooki mówią co innego o roli `node-onboard-live.sh`. | WYCENA 2026-09-19: krytycznosc i naklad uzupelnione przy wznowieniu. Pozycje przepisane 2026-08-28 w ramach X-49 zostaly bez wyceny, przez co nie liczyly sie do budzetu godzin i nie stały w zadnym sprincie. Podstawa wyceny: Scalenie dwoch sciezek dodania wezla (kreator 9-krokowy i bootstrap v2) w jedna, plus uzgodnienie dwoch runbookow."
NODE-02,Q,`main()` nie sprawdza kodów powrotu,—,—,—,—,—,CZĘŚCIOWE,"ops/scripts/lib/przerwij-po-etapie.sh — przerwij_po_etapie zamienia zebrane [FAIL] w exit 1; node-onboard-live.sh main() — bramka po preflight_stack, run_security_hardening, ensure_da_ip; nieudana rejestracja IP w DA z log_warn na log_fail; node-live-readiness.sh main() — bramka po preflight (python3/curl); obie paczki wymagaja lib/przerwij-po-etapie.sh; test apps/api/src/test/instalator-wezla-zatrzymuje-sie.spec.ts",CZĘŚCIOWY,WYSOKA,S,"Przepisane do macierzy 2026-08-28 w ramach X-49 — pozycja powstala 2026-08-26 i do tego dnia istniala WYLACZNIE w dashboardzie, poza zasiegiem straznikow repozytorium. Obszar: instalator węzła. Krytycznosc i naklad zostaly puste SWIADOMIE: dashboard ich nie niosl, a wpisanie ich teraz byloby zgadywaniem. Do uzupelnienia przy najblizszym przegladzie tej pozycji. | TRESC ZE ZRODLA: `main()` nie sprawdza kodów powrotu. W `node-onboard-live.sh` i `node-live-readiness.sh` funkcje zwracają `1`, ale `main` leci dalej i dopiero na końcu drukuje `[FAIL]`. Instalacja kontynuuje po nieudanym preflighcie. Ta sama rodzina co SEC-01: kontrola wykrywa problem i nie zatrzymuje procesu. | WYCENA 2026-09-19: krytycznosc i naklad uzupelnione przy wznowieniu. Pozycje przepisane 2026-08-28 w ramach X-49 zostaly bez wyceny, przez co nie liczyly sie do budzetu godzin i nie stały w zadnym sprincie. Podstawa wyceny: Sprawdzanie kodow powrotu w main() obu skryptow. Male, ale instalacja kontynuuje po nieudanym preflighcie — dotyka PB-02 w W3. | 2026-09-22 KOREKTA OPISU: 'main() nie sprawdza kodow powrotu' bylo nieprecyzyjne — oba skrypty maja set -Eeuo pipefail, wiec funkcja z return 1 KONCZY skrypt (sprawdzone na bashu). Prawdziwa dziura: log_fail ustawia FAIL=1 bez return, a set -e tego nie widzi — preflight z brakujacym python3/curl przechodzil do instalacji agenta, a nieudany sync pakietow DA do readiness. Weryfikacja na koncu readiness swiadomie ZBIERA wszystkie usterki i odmawia raz (print_final_summary -> return 1) — to zostaje, przerwanie po pierwszej kazaloby naprawiac je po jednej. POPRAWKA: bramka po kazdym etapie-bramce + IP w DA jako [FAIL] (bez IP kazde zakladanie konta konczy sie 'A valid IP was not provided' — poczatek Z-18). D2 2026-09-22: bramka lokalna zielona (886 testow, w tym 8 z instalator-wezla-zatrzymuje-sie.spec.ts); D3 przy onboardzie wezla #1 (PB-02)."
NODE-03,Q,Pojemność węzła nigdy się nie odświeża,—,—,—,—,—,CZĘŚCIOWE,"2026-09-23 D1: verris-lve.sh node_capacity (nproc, MemTotal, df /) w każdym raporcie, lve-agent/1.1; telemetry.dto NodeStatusDto.totalCpuCores/totalMemoryMb/totalDiskMb; telemetry.service aktualizuje Server; test telemetry/pojemnosc-wezla.spec.ts",CZĘŚCIOWY,ŚREDNIA,S,"Przepisane do macierzy 2026-08-28 w ramach X-49 — pozycja powstala 2026-08-26 i do tego dnia istniala WYLACZNIE w dashboardzie, poza zasiegiem straznikow repozytorium. Obszar: instalator węzła. Krytycznosc i naklad zostaly puste SWIADOMIE: dashboard ich nie niosl, a wpisanie ich teraz byloby zgadywaniem. Do uzupelnienia przy najblizszym przegladzie tej pozycji. | TRESC ZE ZRODLA: Pojemność węzła nigdy się nie odświeża. `totalCpuCores`/`totalMemoryMb`/`totalDiskMb` ustawiane wyłącznie w handshake; telemetria ich nie aktualizuje — mimo komentarza w schemacie „reported via handshake / heartbeat”. Rozbudowa węzła nie dociera do `NodeSelector`. | WYCENA 2026-09-19: krytycznosc i naklad uzupelnione przy wznowieniu. Pozycje przepisane 2026-08-28 w ramach X-49 zostaly bez wyceny, przez co nie liczyly sie do budzetu godzin i nie stały w zadnym sprincie. Podstawa wyceny: Telemetria aktualizuje totalCpuCores/totalMemoryMb/totalDiskMb, nie tylko handshake. | Stary agent bez pól niczego nie zeruje. OTWARTE do D3 (PB-21): raport z agenta na żywym węźle i odświeżona pojemność w panelu admina."
SEC-06,G,"Allowlista pokrywa to, o czym ktoś pomyślał, nie to, co host robi",—,—,—,—,—,BRAK,ipset test verris_egress_https na 4 celach z logu egressu,LUKA,WYSOKA,M,"Przepisane do macierzy 2026-08-28 w ramach X-49 — pozycja powstala 2026-08-26 i do tego dnia istniala WYLACZNIE w dashboardzie, poza zasiegiem straznikow repozytorium. Obszar: egress / firewall. Krytycznosc i naklad zostaly puste SWIADOMIE: dashboard ich nie niosl, a wpisanie ich teraz byloby zgadywaniem. Do uzupelnienia przy najblizszym przegladzie tej pozycji. | TRESC ZE ZRODLA: Allowlista pokrywa to, o czym ktoś pomyślał, nie to, co host robi. Test `ipset` na celach z rzeczywistego ruchu: `sogo-repo.alinto.org` — BRAK, `static.77.118.180.157.clients.your-server.de` (120 pakietów, nierozpoznany) — BRAK. GitHub i `sa-update.surbl.org` — JEST. Włączenie `--strict` dziś odcięłoby repozytorium pakietów SOGo i nieznany host Hetznera. | WYCENA 2026-09-19: krytycznosc i naklad uzupelnione przy wznowieniu. Pozycje przepisane 2026-08-28 w ramach X-49 zostaly bez wyceny, przez co nie liczyly sie do budzetu godzin i nie stały w zadnym sprincie. Podstawa wyceny: Okres obserwacji na pelnym logu (po SEC-05) i zbudowanie allowlisty z tego, co host robi, a nie z tego, o czym ktos pomyslal. Koszt to glownie czas obserwacji, nie kod. | 2026-09-22 POMIAR RUSZYL (SEC-05, D3). Pierwszy cel spoza allowlisty: 169.254.169.254:80 — metadane chmury, siec link-local. Z hosta odcina go VERRIS_EGRESS_BOGON, wiec --pomiar oznacza go jako 'bogon' i nie liczy do warunku strict. OTWARTE PYTANIE (SSRF): kontenery ida przez FORWARD, gdzie bogonow nie ma — jesli z kontenera API da sie odpytac 169.254.169.254, to kazda funkcja pobierajaca URL od klienta (webhooki, sondy statusu, migrator) moze byc droga do metadanych serwera. Do sprawdzenia jednym poleceniem z kontenera; wynik decyduje, czy blokada metadanych w DOCKER-USER idzie przed sprint 9."
SEC-04,G,Host rozmawia z kontenerami przez OUTPUT — ruch wewnętrzny liczony jako egress,—,—,—,—,—,CZĘŚCIOWE,security-control-plane-egress.sh — RETURN dla -o lo/docker0/br-+ w VERRIS_EGRESS_STRICT i br-+ w VERRIS_EGRESS_BOGON przed DROP; test apps/api/src/test/egress-strict-naprawde-blokuje.spec.ts,CZĘŚCIOWY,WYSOKA,S,"Przepisane do macierzy 2026-08-28 w ramach X-49 — pozycja powstala 2026-08-26 i do tego dnia istniala WYLACZNIE w dashboardzie, poza zasiegiem straznikow repozytorium. Obszar: egress / firewall. Krytycznosc i naklad zostaly puste SWIADOMIE: dashboard ich nie niosl, a wpisanie ich teraz byloby zgadywaniem. Do uzupelnienia przy najblizszym przegladzie tej pozycji. | TRESC ZE ZRODLA: Host rozmawia z kontenerami przez OUTPUT. W logu egressu są wpisy `DST=172.19.0.3` na portach 443 i 80 — czyli ruch host → kontener. Reguła `DROP` trybu strict odrzuca wszystko spoza ipsetu, a adresy sieci Dockera w ipsecie nie są i być nie powinny. Włączenie strict bez wyjątku dla `172.16.0.0/12` zerwałoby to połączenie. | WYCENA 2026-09-19: krytycznosc i naklad uzupelnione przy wznowieniu. Pozycje przepisane 2026-08-28 w ramach X-49 zostaly bez wyceny, przez co nie liczyly sie do budzetu godzin i nie stały w zadnym sprincie. Podstawa wyceny: Wyjatek dla 172.16.0.0/12 w regule OUTPUT. Sama zmiana jest mala, ale bez niej wlaczenie strict zrywa polaczenie host-kontener. | 2026-09-22 KOD (D1): wyjatek po interfejsie (mostki Dockera), nie po CIDR — 172.16.0.0/12 zostaje w bogonach dla ruchu, ktory NIE idzie do kontenera. Przy okazji: lancuch BOGON zwalnial tylko docker0, a sieci compose to br-<id> w 172.18-172.20 — host->kontener na 443 wpadlby w DROP bogonow. D3 przy wlaczeniu strict (sprint 9)."
SEC-05,G,"Log egressu jest próbką, nie zapisem",—,—,—,—,—,DZIAŁA,"ops/scripts/security-control-plane-egress.sh — apply_egress_seen: lancuch VERRIS_EGRESS_SEEN (pierwszy w OUTPUT) dopisuje KAZDE nowe polaczenie TCP/UDP do ipset verris_egress_seen (hash:ip,port, okno 7 dni, bez -m limit); apply_forward_observe — to samo dla kontenerow (verris_egress_seen_fwd); --pomiar — raport z ipset z flaga allowlisty; test apps/api/src/test/egress-strict-naprawde-blokuje.spec.ts",PARYTET,WYSOKA,S,"Przepisane do macierzy 2026-08-28 w ramach X-49 — pozycja powstala 2026-08-26 i do tego dnia istniala WYLACZNIE w dashboardzie, poza zasiegiem straznikow repozytorium. Obszar: obserwowalność. Krytycznosc i naklad zostaly puste SWIADOMIE: dashboard ich nie niosl, a wpisanie ich teraz byloby zgadywaniem. Do uzupelnienia przy najblizszym przegladzie tej pozycji. | TRESC ZE ZRODLA: Log egressu jest próbką, nie zapisem. Licznik iptables pokazuje ~1,81 mln pakietów przez łańcuch strict, a w journalu jest 1796 wpisów z 48 h — reguła logująca ma ogranicznik częstotliwości. Nieobecność celu w tym logu nie dowodzi, że host tam nie chodzi. Każda allowlista budowana na tym odczycie jest niepełna z definicji. | WYCENA 2026-09-19: krytycznosc i naklad uzupelnione przy wznowieniu. Pozycje przepisane 2026-08-28 w ramach X-49 zostaly bez wyceny, przez co nie liczyly sie do budzetu godzin i nie stały w zadnym sprincie. Podstawa wyceny: Zdjecie ogranicznika czestotliwosci z reguly logujacej albo przejscie na nflog z licznikami. WARUNEK WSTEPNY dla SEC-06: allowlista budowana na probce jest niepelna z definicji. | 2026-09-22 KOD (D1): zamiast zdejmowac ogranicznik z LOG (dysk/journal pod kazdym polaczeniem) — zapis celow w ipset w pamieci jadra. Obecnosc celu pewna, liczniki orientacyjne. D3: wlaczenie na control-plane (przebieg domyslny) i --pomiar po dobie. | 2026-09-22 D3: wlaczone na control-plane (09:23 UTC, przebieg domyslny po wdrozeniu 5c3fe99); --pomiar po kilku minutach pokazal pierwszy cel: 169.254.169.254,tcp:80 (metadane chmury, 2 nowe polaczenia) — cel, ktorego probkowany log nie wykazal. Pomiar kontenerow (FORWARD) wlaczy sie przy nastepnym --obserwuj-kontenery."
SEC-01,G,Tryb `--strict` jest atrapą,—,—,—,—,—,CZĘŚCIOWE,"security-control-plane-egress.sh — apply_strict_allowlist: DROP bez testu cgroup, kontrola po fakcie (iptables -S; brak reguly = exit 1), warunek wstepny sprawdz_pomiar_przed_strict (>= POMIAR_MIN_DNI dni pomiaru i zero celow 80/443 spoza allowlisty, inaczej exit 1 z lista celow), --wymus-strict; security-install-verris-security.sh — usuniete automatyczne --strict || true; test behawioralny apps/api/src/test/egress-strict-naprawde-blokuje.spec.ts (prawdziwy skrypt na atrapach iptables/ipset, te same flagi powloki)",CZĘŚCIOWY,WYSOKA,M,"Przepisane do macierzy 2026-08-28 w ramach X-49 — pozycja powstala 2026-08-26 i do tego dnia istniala WYLACZNIE w dashboardzie, poza zasiegiem straznikow repozytorium. Obszar: egress / firewall. Krytycznosc i naklad zostaly puste SWIADOMIE: dashboard ich nie niosl, a wpisanie ich teraz byloby zgadywaniem. Do uzupelnienia przy najblizszym przegladzie tej pozycji. | TRESC ZE ZRODLA: Tryb `--strict` jest atrapą. Trzy niezależne wyciszenia jedno po drugim: reguła `DROP` zagnieżdżona w teście dopasowania cgroup (na tym jądrze niedostępnego), skrypt kończy się `WARN` i kodem 0, a instalator woła go z `|| true`. Wyjątek cgroup miał przepuszczać ruch kontenerów — który do OUTPUT w ogóle nie dociera (patrz X-41). | WYCENA 2026-09-19: krytycznosc i naklad uzupelnione przy wznowieniu. Pozycje przepisane 2026-08-28 w ramach X-49 zostaly bez wyceny, przez co nie liczyly sie do budzetu godzin i nie stały w zadnym sprincie. Podstawa wyceny: DROP musi realnie obowiazywac: przebudowa security-control-plane-egress.sh bez zagniezdzenia w tescie cgroup, bez ""|| true"" w instalatorze, plus straznik zachowaniowy na wzor X-34 (atrapa wielkosci produkcyjnej, te same flagi powloki). | 2026-09-22 KOD (D1): trzy wyciszenia usuniete. Wyjatek cgroup byl zbedny — ruch kontenerow nie przechodzi przez OUTPUT (X-41). Strict przestal byc nieszkodliwy, dlatego warunek wstepny laczy SEC-05 (pomiar) z SEC-06 (allowlista z tego, co host robi): nie da sie go wlaczyc na slepo. D3 dopiero przy wlaczeniu na control-plane w sprincie 9, po tygodniu pomiaru."
SEC-02,G,"Stripe jest w allowliście wyłącznie po nazwie, a ipset powstaje z rozwiązania nazw",—,—,—,—,—,BRAK,`egress-allow-hostnames.txt`; ipset `verris_egress_https` = 65 wpisów,LUKA,ŚREDNIA,S,"Przepisane do macierzy 2026-08-28 w ramach X-49 — pozycja powstala 2026-08-26 i do tego dnia istniala WYLACZNIE w dashboardzie, poza zasiegiem straznikow repozytorium. Obszar: egress / płatności. Krytycznosc i naklad zostaly puste SWIADOMIE: dashboard ich nie niosl, a wpisanie ich teraz byloby zgadywaniem. Do uzupelnienia przy najblizszym przegladzie tej pozycji. | TRESC ZE ZRODLA: Stripe jest w allowliście wyłącznie po nazwie, a ipset powstaje z rozwiązania nazw. Adresy Stripe rotują (198.137.x / 198.202.x), więc zbiór starzeje się między uruchomieniami. | WYCENA 2026-09-19: krytycznosc i naklad uzupelnione przy wznowieniu. Pozycje przepisane 2026-08-28 w ramach X-49 zostaly bez wyceny, przez co nie liczyly sie do budzetu godzin i nie stały w zadnym sprincie. Podstawa wyceny: Odswiezanie ipsetu z opublikowanej listy adresow Stripe zamiast jednorazowego rozwiazania nazw; cron plus check w live-readiness. | ANALIZA 2026-09-23: Stripe woła wyłącznie API w kontenerze (FORWARD), którego strict hosta (OUTPUT) nie dotyczy, a X-41 nie ogranicza kontenerom 80/443 (decyzja: tam chronią strażniki SSRF w aplikacji). Pomiar hosta z 2026-09-22/23 nie ma żadnego celu Stripe. Jeśli pomiar 7-dniowy (29.09) to potwierdzi — pozycja NIE DOTYCZY; wpisy Stripe w allowliście hosta zostają tylko dla ręcznego ops/scripts/uzgodnij-platnosci-stripe.mjs."
SEC-03,G,"Ruch poza TCP/80 i TCP/443 — DNS (UDP/53), SMTP — nie jest objęty ani obserwacją z X-41, ani trybem strict",—,—,—,—,—,CZĘŚCIOWE,"ops/scripts/security-control-plane-egress.sh — zbuduj_zbior_z_pliku (verris_egress_dns / verris_egress_smtp z ops/etc/verris/security/egress-allow-{dns,smtp}.txt), apply_strict_allowlist: DROP dla NOWYCH 53 udp/tcp i 25/465/587 poza listą, warunek wstępny strict obejmuje DNS i SMTP; test D2 egress-strict-naprawde-blokuje.spec.ts (SEC-03)",CZĘŚCIOWY,WYSOKA,M,"Przepisane do macierzy 2026-08-28 w ramach X-49 — pozycja powstala 2026-08-26 i do tego dnia istniala WYLACZNIE w dashboardzie, poza zasiegiem straznikow repozytorium. Obszar: egress. Krytycznosc i naklad zostaly puste SWIADOMIE: dashboard ich nie niosl, a wpisanie ich teraz byloby zgadywaniem. Do uzupelnienia przy najblizszym przegladzie tej pozycji. | TRESC ZE ZRODLA: Ruch poza TCP/80 i TCP/443 — DNS (UDP/53), SMTP — nie jest objęty ani obserwacją z X-41, ani trybem strict. | WYCENA 2026-09-19: krytycznosc i naklad uzupelnione przy wznowieniu. Pozycje przepisane 2026-08-28 w ramach X-49 zostaly bez wyceny, przez co nie liczyly sie do budzetu godzin i nie stały w zadnym sprincie. Podstawa wyceny: Rozszerzenie obserwacji i trybu strict na UDP/53 i SMTP — nowe lancuchy, nowe zbiory, nowy zakres testu. | 2026-09-23: host (OUTPUT) — pomiar obejmuje każdy port od SEC-05; strict rozszerzony o DNS (resolwery Hetznera 185.12.64.1/2) i SMTP (przekaźnik poznan.hvln.pl) na podstawie --pomiar z 2026-09-23. Pomiar liczy już tylko TCP SYN (skaner SSH wyglądał jak ruch wychodzący). Zostaje: włączenie strict na prod (nie przed 2026-09-29) = D3; kontenery (FORWARD) — w X-41."
X-41,X,"Hardening egressu wisi w łańcuchu OUTPUT, a ruch kontenerów idzie przez FORWARD",—,—,—,—,—,CZĘŚCIOWE,"obserwacja wpięta w DOCKER-USER, 1674 pakiety zliczone, 0 DROP/REJECT",CZĘŚCIOWY,WYSOKA,M,"Przepisane do macierzy 2026-08-28 w ramach X-49 — pozycja powstala 2026-08-25 i do tego dnia istniala WYLACZNIE w dashboardzie, poza zasiegiem straznikow repozytorium. Obszar: egress / firewall. Krytycznosc i naklad zostaly puste SWIADOMIE: dashboard ich nie niosl, a wpisanie ich teraz byloby zgadywaniem. Do uzupelnienia przy najblizszym przegladzie tej pozycji. | TRESC ZE ZRODLA: Cały hardening egressu wisi w łańcuchu OUTPUT. Ruch kontenerów idzie przez FORWARD → DOCKER-USER, więc egress całego produktu był poza zasięgiem zabezpieczenia, które wyglądało, jakby go obejmowało. | WYCENA 2026-09-19: krytycznosc i naklad uzupelnione przy wznowieniu. Pozycje przepisane 2026-08-28 w ramach X-49 zostaly bez wyceny, przez co nie liczyly sie do budzetu godzin i nie stały w zadnym sprincie. Podstawa wyceny: Obserwacja w DOCKER-USER juz stoi (1674 pakiety, 0 DROP). Zostaje egzekwowanie: przeniesienie regul z OUTPUT do FORWARD/DOCKER-USER razem z SEC-01."
X-37,X,Serwerowy fetch panelu szedł do API przez internet zamiast siecią Dockera,—,—,—,—,—,DZIAŁA,D3: 10 563 ms UND_ERR_CONNECT_TIMEOUT wobec 54 ms / 200 wewnątrz sieci; wdrożenie 5e05747a,PARYTET,—,—,"Przepisane do macierzy 2026-08-28 w ramach X-49 — pozycja powstala 2026-08-25 i do tego dnia istniala WYLACZNIE w dashboardzie, poza zasiegiem straznikow repozytorium. Obszar: panel klienta. Krytycznosc i naklad zostaly puste SWIADOMIE: dashboard ich nie niosl, a wpisanie ich teraz byloby zgadywaniem. Do uzupelnienia przy najblizszym przegladzie tej pozycji. | TRESC ZE ZRODLA: Serwerowy fetch panelu szedł do API przez internet po adresie publicznym zamiast po sieci Dockera — hairpin NAT, połączenie nie wracało."
X-38,X,„fetch failed” pokazywane użytkownikowi jako komunikat o błędzie — bez przyczyny i bez limitu czasu,—,—,—,—,—,DZIAŁA,"D2: strażnik 11 asercji, przebieg CI #120",PARYTET,—,—,"Przepisane do macierzy 2026-08-28 w ramach X-49 — pozycja powstala 2026-08-25 i do tego dnia istniala WYLACZNIE w dashboardzie, poza zasiegiem straznikow repozytorium. Obszar: panel klienta. Krytycznosc i naklad zostaly puste SWIADOMIE: dashboard ich nie niosl, a wpisanie ich teraz byloby zgadywaniem. Do uzupelnienia przy najblizszym przegladzie tej pozycji. | TRESC ZE ZRODLA: „fetch failed” trafiało do użytkownika jako komunikat o błędzie — bez przyczyny, bez limitu czasu, bez wpisu w logu."
X-39,X,"Panel pokazywał 0 zamiast „nie wiem”, gdy zapytanie padło",—,—,—,—,—,DZIAŁA,D1 — zachowanie obserwowalne wyłącznie w trakcie awarii,PARYTET,—,—,"Przepisane do macierzy 2026-08-28 w ramach X-49 — pozycja powstala 2026-08-25 i do tego dnia istniala WYLACZNIE w dashboardzie, poza zasiegiem straznikow repozytorium. Obszar: dashboard klienta. Krytycznosc i naklad zostaly puste SWIADOMIE: dashboard ich nie niosl, a wpisanie ich teraz byloby zgadywaniem. Do uzupelnienia przy najblizszym przegladzie tej pozycji. | TRESC ZE ZRODLA: Panel pokazywał 0 zamiast „nie wiem”: awaria jednego z siedmiu zapytań dawała zera nieodróżnialne od prawdziwych zer."
X-40,X,Spec panelu klienta bez runnera — leżał w repozytorium i nie wykonał się ani razu,—,—,—,—,—,DZIAŁA,D2: CI #120 — osobna linia `Test Suites: 1 passed` / `Tests: 4 passed`,PARYTET,—,—,"Przepisane do macierzy 2026-08-28 w ramach X-49 — pozycja powstala 2026-08-25 i do tego dnia istniala WYLACZNIE w dashboardzie, poza zasiegiem straznikow repozytorium. Obszar: testy. Krytycznosc i naklad zostaly puste SWIADOMIE: dashboard ich nie niosl, a wpisanie ich teraz byloby zgadywaniem. Do uzupelnienia przy najblizszym przegladzie tej pozycji. | TRESC ZE ZRODLA: Spec panelu klienta leżał w repozytorium miesiącami i nie wykonał się ani razu — pakiet nie miał runnera, a bramka wołała tylko jeden pakiet."
X-42,X,Bramka wdrożenia nie uruchamiała lintu,—,—,—,—,—,DZIAŁA,D2: CI #120 zielone; #109/#117/#118 czerwone obok zielonych wdrożeń #84/#85/#87,PARYTET,—,—,"Przepisane do macierzy 2026-08-28 w ramach X-49 — pozycja powstala 2026-08-25 i do tego dnia istniala WYLACZNIE w dashboardzie, poza zasiegiem straznikow repozytorium. Obszar: bramki CI/CD. Krytycznosc i naklad zostaly puste SWIADOMIE: dashboard ich nie niosl, a wpisanie ich teraz byloby zgadywaniem. Do uzupelnienia przy najblizszym przegladzie tej pozycji. | TRESC ZE ZRODLA: Bramka wdrożenia nie uruchamiała lintu. Trzy wdrożenia przeszły zielono przy czerwonym CI, a zepsuta konfiguracja trafiła na produkcję."
X-43,X,"Przegląd całej czerwieni `ci.yml` na `main`: cztery przyczyny, nie jedna",—,—,—,—,—,DZIAŁA,D2: 43 przebiegi `ci.yml` na main + okno `deploy.yml` od 24.08,PARYTET,—,—,"Przepisane do macierzy 2026-08-28 w ramach X-49 — pozycja powstala 2026-08-26 i do tego dnia istniala WYLACZNIE w dashboardzie, poza zasiegiem straznikow repozytorium. Obszar: bramki CI/CD. Krytycznosc i naklad zostaly puste SWIADOMIE: dashboard ich nie niosl, a wpisanie ich teraz byloby zgadywaniem. Do uzupelnienia przy najblizszym przegladzie tej pozycji. | TRESC ZE ZRODLA: Przegląd całej czerwieni `ci.yml` na `main`: cztery przyczyny, nie jedna. Dodatkowo: anulowany przebieg jest w `gh run list` nieodróżnialny od nieistniejącego, a logi GitHuba wygasają po ~90 dniach."
SEC-07,G,Trzy podatnosci HIGH w multerze — zdalny DoS bez uwierzytelnienia na sciezce uploadu,—,—,—,—,—,DZIAŁA,"D2 2026-09-19: bramka lokalna zielona — 850 testow jednostkowych w 81 pakietach, w tym multer-limity.spec.ts (7 asercji) i bramki-nie-rozjezdzaja-sie.spec.ts; lint 0 bledow, typecheck 12/12. pnpm-lock.yaml:6670 — multer@2.4.0 jako JEDYNA kopia. node ops/ci/audyt-bramka.cjs: multer znikl z listy blokujacych. apps/api/src/common/upload/multer-limity.ts — fieldArrayIndexLimit=10 w obu interceptorach.",PARYTET,WYSOKA,M,"Odkryte 2026-09-19 przy przegladzie kolejki Dependabota (DEP-01). CVSS 7.5, wektor sieciowy, BEZ uwierzytelnienia i bez interakcji uzytkownika: jedno zadanie multipart/form-data konczy proces Node. API obsluguje uploady zalacznikow do zgloszen, wiec sciezka jest wystawiona. | DLACZEGO PR #37 TEGO NIE NAPRAWIA, CHOC WYGLADA, JAKBY NAPRAWIAL: PR podnosi multer 2.2.0 -> 2.3.0, czyli dokladnie do wersji zalatanej. Ale @nestjs/platform-express@11.2.1 deklaruje ""multer"": ""2.2.0"" — PIN DOKLADNY, bez karety. Po merge w drzewie stana DWIE kopie: 2.3.0 dla apps/api i 2.2.0 pod platform-express. Multipart parsuje FileInterceptor, ktory pochodzi z platform-express, czyli z kopii PODATNEJ. Bezposrednia zaleznosc wygladalaby na zalatana, a dziura zostalaby tam, gdzie leci ruch. | DRUGA POLOWA, LATWA DO PRZEOCZENIA: GHSA-535w-7cp7-47q4 wymaga NIE TYLKO wersji 2.3.0, ale i skonfigurowania limits.fieldArrayIndexLimit (""Users should upgrade to 2.3.0 AND configure limits.fieldArrayIndexLimit""). Sama wersja nie wystarcza — potrzebna zmiana w kodzie, w opcjach interceptora. Podbicie wersji i uznanie sprawy za zamknieta byloby tu wlasnie tym, przed czym ostrzega cala rodzina ""wyglada na zrobione"". | DROGI NAPRAWY: (a) pnpm.overrides na multer ^2.3.0 w korzeniu — wymusza jedna kopie mimo pinu Nesta, dziala od reki, rusza lockfile; (b) docelowo @nestjs/platform-express >= 12.0.2 (12.0.2 pinuje 2.3.0, 12.0.3 pinuje 2.4.0) — ale to major Nesta, osobna praca; (c) zgoda w podatnosci-dopuszczone.json — ODRZUCONE: zdalny DoS bez uwierzytelnienia na produkcie hostingowym nie jest czyms, na co sie godzimy z terminem. | Do wykonania razem: override, konfiguracja fieldArrayIndexLimit, test, ktory czerwieni sie na starym kodzie, i dopiero potem merge PR #37. | STAN 2026-09-19: NAPRAWIONE W KODZIE (D1), POZYCJA OTWARTA. Dokumentacja: docs/archiwum/zadania/SEC-07-multer-jedno-zadanie-klado-proces.md. Naprawa przez pnpm.overrides, nie przez bump w apps/api — bump nie rusza kopii pinowanej przez platform-express. DO ZAMKNIECIA POTRZEBNY ZIELONY JOB ""Security scans"", nie numer wersji w package.json: dokladnie taki dowod dawal PR #37, ktory niczego nie naprawial. Zmiany powstaly w powloce bez pnpm i Dockera, wiec zaden z siedmiu straznikow nie zostal uruchomiony — jedyna weryfikacja to typecheck. | ZAMKNIETE 2026-09-19. Liczba testow jednostkowych 841 -> 850, czyli dokladnie tyle, ile dolozyly nowe asercje (7+2) — potwierdzenie, ze straznik faktycznie sie wykonal, a nie tylko lezy w repozytorium (lekcja z X-40)."
X-50,X,Bramka podatnosci zatrzymuje cokolwiek — jest wymagana do merge i wolana przez wdrozenie,—,—,—,—,—,DZIAŁA,"D2 2026-09-19: .github/workflows/deploy.yml — krok ""Bramka podatnosci"" w jobie test-gate; ruleset 21161479 — ""Security scans (gitleaks + audit + trivy)"" dopisane do checkow wymaganych (szesc checkow, potwierdzenie ""Ruleset updated""); apps/api/src/test/bramki-nie-rozjezdzaja-sie.spec.ts — wzorzec katalogowy BRAMKOWY_SKRYPT plus asercja imienna, przechodzi w bramce lokalnej.",PARYTET,WYSOKA,S,"Odkryte 2026-09-19 przy SEC-07. Koryguje X-23, ktore stalo jako DZIALA z obietnica ""bramka zatrzymuje wdrozenie"". | CO TRZEBA ZROBIC: dopisac security-scans do wymaganych checkow w rulesecie ORAZ wolac bramke podatnosci w test-gate deploy.yml. Jedno bez drugiego nie wystarczy: wdrozenie wyzwala push na main niezaleznie od ci.yml, a admin i tak omija ruleset. Ruleset zyje poza repozytorium (ryzyko zapisane w SPRINT-01), wiec zmiana wymaga wpisu w docs/zadania — inaczej nie odtworzy sie z kodu. | PYTANIE DO KAZDEJ PRZYSZLEJ BRAMKI, analogiczne do tego z X-34: co dokladnie ta bramka zatrzymuje i po jakiej sciezce to sprawdzilem? Bramka, ktora sie czerwieni i niczego nie blokuje, jest gorsza niz jej brak, bo zamyka pytanie. | STAN 2026-09-19: polowa zrobiona. Dolozony krok w deploy.yml zamyka droge ""push na main omija ci.yml"". Zostaje dopisanie security-scans do wymaganych checkow w rulesecie — wymaga kliknięcia w ustawieniach GitHuba, wiec czeka na decyzje wlasciciela. | PRZY OKAZJI, WAZNIEJSZE NIZ SAMA NAPRAWA: straznik bramki-nie-rozjezdzaja-sie.spec.ts BYL ZIELONY, kiedy deploy.yml nie wolal bramki podatnosci. Nie sprawdzal zlej rzeczy — jego definicja ""polecenia bramkowego"" byla lista trzech komend istniejacych w dniu jego powstania (pnpm lint/typecheck/test), a bramka podatnosci uruchamia sie jako node ops/ci/audyt-bramka.cjs i byla dla tego wyrazenia niewidzialna. To NOWA ODMIANA rodziny ""test, ktory niczego nie dowodzi"": po falszywej asercji (Z-01, H-20) i falszywym srodowisku (X-34) — ZA WASKA DEFINICJA KLASY. Wzorzec zamieniony na katalogowy (ops/ci/*.cjs|mjs|js), wiec nowa bramka trafia pod straznika sama. PYTANIE DO KAZDEGO PRZYSZLEGO STRAZNIKA KLASY: czy moj wzorzec obejmuje kontrole, ktore dopiero powstana, czy tylko te, ktore widzialem przy pisaniu? | ZAMKNIETE 2026-09-19, obie polowy. Zostaje zapisane wprost, bo to nie jest teoretyczne: ruleset NIE chroni przed wlascicielem repozytorium. Push z 2026-09-19 przeszedl z komunikatem ""Bypassed rule violations — 5 of 5 required status checks are expected"", czyli bez ani jednego uruchomionego checka. Dopisanie security-scans do wymaganych zamyka droge przez merge i przez wdrozenie, ale nie zamyka pusha admina. Jedyna bramka, ktora zatrzyma wlasciciela, to bramka uruchamiana lokalnie przed pushem — i to sie nie zmienilo."
X-51,X,Etykiety z dependabot.yml istnieja w repozytorium,—,—,—,—,—,DZIAŁA,"D2 2026-09-19: utworzone etykiety dependencies, security, docker, ci — 9 -> 13 etykiet w repozytorium; pokrywaja wszystkie trzy sekcje labels: w .github/dependabot.yml.",PARYTET,NISKA,S,"Odkryte 2026-09-19. Dwa drobne rozjazdy tego samego rodzaju: repozytorium mowi jedno, konfiguracja po stronie GitHuba drugie. | Etykiety: zadna z szesciu etykiet z dependabot.yml nie istnieje w repo, wiec PR-y Dependabota przychodza bez etykiet, a kazdy PR niesie komunikat o bledzie konfiguracji. Filtr ""po etykiecie security"" nie zwroci nic — co jest gorsze niz brak filtra, bo pusty wynik wyglada jak brak problemow. | Ruleset: celuje w galaz, ktorej rola zostala zniesiona przez X-13. Sama w sobie nieszkodliwa, ale to dokladnie ten typ zapisu, ktory pozniej czyta sie jako intencje. | Oba naprawia sie w minuty; sa tu dlatego, ze konfiguracja poza repozytorium nie ma zadnego straznika i wychodzi wylacznie przypadkiem. | ZAMKNIETE 2026-09-19 — ale W WEZSZYM ZAKRESIE niz opisano przy zgloszeniu, i to jest korekta mojego wlasnego znaleziska. Pierwotnie pozycja obejmowala TEZ ruleset celujacy w live-release-readiness. Sprawdzenie przed zmiana pokazalo, ze ta galaz NADAL ISTNIEJE w repozytorium. Zdjecie jej z rulesetu byloby zdjeciem ochrony (restrict deletions, block force pushes) z zywej galezi — czyli ruchem w zla strone, zrobionym dlatego, ze wczesniej zapisalem to jako usterke. Rozjazd jest realny, ale dotyczy NAZWY i INTENCJI (""galezie wdrozeniowe"" w liczbie mnogiej wobec X-13 ""jedna galaz wdrozeniowa""), a nie samej ochrony. Wlasciwym porzadkiem jest usuniecie martwych galezi, nie zdejmowanie z nich ochrony — osobna, mniejsza sprawa. Wniosek metodyczny: zapisane znalezisko nie jest powodem, zeby wykonac zapisana czynnosc, jesli sprawdzenie w chwili wykonania mowi co innego."
SEC-08,G,Dwa niezauwierzytelnione RCE w Next.js lezaly w drzewie 22 dni,—,—,—,—,—,DZIAŁA,"Przed: node ops/ci/audyt-bramka.cjs 2026-09-19 — ""Podatnosci blokujace (high/critical): 11"", w tym CRITICAL next GHSA-p293-qw3h-jr36 i GHSA-2xp9-vwfh-vxw4, oba podatne >=16.0.0 <16.3.3, w drzewie 16.3.2. Po: ta sama bramka — ""Podatnosci blokujace: 1"", jedyna pozostala to deepmerge-ts ze zgoda do 2026-11-15 (X-20), komunikat ""Bramka podatnosci: zielone"". | D2 2026-09-19 na maszynie deweloperskiej, po podniesieniu: lint 0 bledow (7 pakietow, CACHE MISS — realne wykonanie, nie odtworzenie logow), typecheck 8/8 cache miss, 850 testow w 81 pakietach, bramka podatnosci zielona. Cache miss jest tu istotny: potwierdza, ze kontrole przeszly przez Next 16.3.4, a nie odtworzyly wyniku sprzed podniesienia — dokladnie ten rozjazd opisuje ENV-02.",PARYTET,WYSOKA,S,"Odkryte 2026-09-19 przy zamykaniu SEC-07 — bramke uruchomiono na zywym drzewie po raz pierwszy od 2026-08-28. | CO LEZALO: dwa CRITICAL w Next.js, oba ZDALNE WYKONANIE KODU BEZ UWIERZYTELNIENIA (GHSA-2xp9-vwfh-vxw4 przez Image Optimization API przy plikach AVIF; GHSA-p293-qw3h-jr36 na serwerach hostowanych na Windows — u nas Linux, wiec drugie nie dotyczy nas w praktyce, ale pierwsze tak i dotyczy WSZYSTKICH pieciu paneli). Do tego osiem HIGH: browserslist x2, fast-uri x4, js-yaml x3, sharp x1. | DLACZEGO TO NIE JEST ""ZALEGLOSC W AKTUALIZACJACH"": wszystkie te advisory opublikowano PO 2026-08-28, czyli w trakcie przerwy. Drzewo nie zgnilo — swiat sie przesunal, a nikt nie zapytal. Bramka istniala, dzialala i nie byla uruchamiana, bo nie byla podpieta do niczego (X-50). Trzy tygodnie ciszy wygladaly dokladnie tak samo jak trzy tygodnie bezpieczenstwa. | NAPRAWA: next i eslint-config-next 16.3.2 -> 16.3.4 w pieciu pakietach (16.3.3 to minimum, 16.3.4 to wersja z PR #37 Dependabota), sharp ^0.35.3 -> ^0.35.4, oraz cztery nadpisania na zaleznosci przechodnie: browserslist ^4.28.7, fast-uri ^3.1.4 -> ^3.1.6, js-yaml@4 ^4.3.1 -> ^4.3.2, js-yaml@3 ^3.15.2 (nowe). | WNIOSEK NA STALE: przerwa w pracy nie jest przerwa w ekspozycji. Pierwsza rzecza po kazdej dluzszej przerwie jest uruchomienie bramki podatnosci, przed czytaniem czegokolwiek innego — w tym sprincie zrobilismy to dopiero po dwoch dniach pracy nad czym innym. | ZWERYFIKOWANE 2026-09-19: pelna bramka lokalna zielona po podniesieniu, bez ani jednej poprawki w kodzie paneli. Podniesienie Next w obrebie 16.3.x okazalo sie bezkosztowe — co bylo najbardziej prawdopodobnym, ale nie pewnym wynikiem, i dlatego bramka byla warunkiem, a nie formalnoscia. | SKUTEK DLA DEP-01: PR #37 Dependabota jest teraz w czesci nieaktualny — next, sharp i multer sa juz podniesione w main, wiec PR albo zostanie przebazowany, albo zamkniety przez samego Dependabota. Zostaja w nim pozostale pozycje z grupy minor-and-patch, ktore nie dotyczyly bezpieczenstwa."
SEC-09,G,Kontenery nie siegaja do uslugi metadanych chmury (SSRF),—,—,—,—,—,DZIAŁA,"D1 2026-09-22: ops/scripts/security-control-plane-egress.sh — apply_fwd_metadane: lancuch VERRIS_FWD_METADANE w DOCKER-USER, REJECT dla 169.254.0.0/16, wolany w przebiegu domyslnym; test egress-strict-naprawde-blokuje.spec.ts (SEC-09). | Druga warstwa: subscriptions/site-monitor.service.ts — probeUrl i probeTlsExpiry sprawdzaja resolvePublicHost przed polaczeniem (domena klienta, DNS ustawia klient), redirect: 'manual'; test subscriptions/site-monitor-ssrf.spec.ts. Webhooki statusu (assertPublicWebhookUrl) i migrator (resolvePublicHost z przypieciem adresu) mialy ochrone juz wczesniej; sondy statusu konfiguruje tylko admin.",PARYTET,WYSOKA,S,"Odkryte 2026-09-22 z pierwszego odczytu pomiaru SEC-05: host pytal o 169.254.169.254:80 (odcinany przez BOGON w OUTPUT). Sprawdzenie z kontenera: docker exec verris-api-1 node -e fetch(http://169.254.169.254/hetzner/v1/metadata/hostname) -> 'Panel'. Kontenery ida przez FORWARD, gdzie bogonow nie ma, wiec kazda funkcja pobierajaca URL od klienta (webhooki, sondy statusu, migrator) mogla sluzyc do odczytu metadanych serwera (user-data, klucze SSH, siec). Brak dowodu naduzycia — sama osiagalnosc. POPRAWKA: osobny lancuch (VERRIS_FWD_OBSERW ma z zalozenia nie blokowac), REJECT zamiast DROP (aplikacja dostaje odmowe od razu). JAK ZAMKNAC (D3): po wdrozeniu i przebiegu domyslnym ten sam fetch z kontenera zwraca NIEOSIAGALNE. 2026-09-22 MITYGACJA NA PRODUKCJI: regula tymczasowa w DOCKER-USER, fetch z kontenera -> NIEOSIAGALNE: ECONNREFUSED. DRUGA WARSTWA (aplikacja): monitor strony klienta jako jedyne miejsce bez ochrony — naprawione. CZEGO NIE OBEJMUJE: okna DNS-rebinding w monitorze (sprawdzenie przed fetch, fetch rozwiazuje ponownie) — metadane zamyka zapora, pelne przypiecie adresu wymaga dispatchera undici (komentarz ponytail w kodzie). | 2026-09-22 D3: regula stala wdrozona (przebieg domyslny po 5b8f624), tymczasowa usunieta; fetch z verris-api-1 do 169.254.169.254 -> NIEOSIAGALNE: ECONNREFUSED."
FAK-01,M,Panel nie wystawia faktury VAT rownolegle z programem ksiegowym,—,—,—,—,—,DZIAŁA,"billing/tryb-fakturowania.ts — przelacznik faktury.tryb (fail-safe: wszystko poza dokladnym 'panel' = zewnetrzny), serie VDR/VDK, straznik KSeF; billing/faktura-za-portfel.ts — nadajNumerDokumentu jedynym wejsciem dla 5 miejsc (portfel, zbiorcza, reczna, Stripe, korekta; korekta idzie za rodzajem dokumentu pierwotnego); migracja 20260922120000_faktury_tryb_zewnetrzny — rodzajPrawny + 3 CHECK (seria zgodna z rodzajem, numer zewnetrzny tylko przy dokumencie rozliczeniowym); ksef.service.ts qualifies/tick — dokument rozliczeniowy nigdy do KSeF; platform-settings.service.ts — ksef.enabled efektywnie 0 w trybie zewnetrznym, wlaczenie odrzucane; PDF i mail: 'Dokument rozliczeniowy' + adnotacja 'nie jest faktura VAT'; panel klienta: etykieta + numer faktury zewnetrznej; API admina GET /admin/invoices/czeka-na-fakture, POST /admin/invoices/:id/faktura-zewnetrzna (raz, audyt, unikalnosc); po-migracji-niezmienniki.sql FAK-01 + asercje-czerwienia-sie.sh; testy: tryb-fakturowania.spec.ts, faktura-portfel.int-spec.ts (FAK-01).",PARYTET,—,M,"Powstalo 2026-09-22 z decyzji wlasciciela: faktury VAT wystawiane recznie w programie ksiegowym, potem integracja po API (ADR-2026-09-22). | PROBLEM: panel juz dzis wystawia faktury z wlasna numeracja w tej samej transakcji co obciazenie (Z-01) i korekty (M-06). Przy recznym wystawianiu w programie ksiegowym jedna platnosc dostaje DWIE faktury w DWOCH seriach. Wylaczony KSeF chroni przed wyslaniem drugiej do MF, nie przed jej wystawieniem i doreczeniem klientowi. | ROZWIAZANIE (wariant C z ADR): przelacznik faktury.tryb = panel | zewnetrzny, domyslnie zewnetrzny. W trybie zewnetrznym ten sam rekord co dzis, bez numeru z serii panelu, status CZEKA_NA_FAKTURE_ZEWNETRZNA; klient widzi ""dokument rozliczeniowy""; operator wpisuje numer faktury z programu; straznik blokuje kombinacje tryb zewnetrzny + ksef.enabled. To jest szew pod pozniejsza integracje po API — nic nie budujemy na wyrzucenie. | BLOKER, bo dopiero po nim M-16 i M-17 moga przestac blokowac start. | 2026-09-22 KOD: wariant C zaimplementowany (bez osobnego statusu — 'czeka na fakture' wynika z danych: rodzaj DOKUMENT_ROZLICZENIOWY i brak externalInvoiceNumber). Ekran admina: /invoices/czeka-na-fakture (kolejka + dopisanie numeru). D2 2026-09-22: lokalnie lint + typecheck + 878 testow jednostkowych zielone; CI #182 (a006c8e) zielone w calosci — migracja na swiezej bazie bez dryfu, niezmienniki FAK-01, asercje czerwienia sie (2 nowe przypadki FAK-01), testy integracyjne (5 nowych FAK-01). Bloker zdjety. Dokumentacja: docs/archiwum/zadania/FAK-01-faktury-w-programie-ksiegowym.md"
